Gender,Age,Income,Education,Relationship Status,Residence,Home,Q21,Q22,Q24,Q41_1,Q41_2,Q41_3,Q41_5,Q26,Driving Kids,Car Seat Cost,Exercise,Activities_1,Activities_2,Activities_3,Activities_4,Activities_5,Activities_6,Activities_7,Q33,Q34,Q28,Accidents,Q30,Q31,Q32,Q43,Q44,Q42_1,Q42_2,Q42_3,Q42_4,Q40_9,Q40_10,Q40_11,Q40_12,Q40,Q42,Q35,Q43,Q37,Q44,Q38,Q45,Q39,Q46,Q36
What gender do you associate with?,How old are you?,"How much do you earn? (or your household, whatever you prefer)",What is the highest level of education completed or undertaking?,What is your relationship status?,Pick the environment that best describes where your primary residence is located:,Pick the option that best describes your primary residence:,How many dogs do you own?,How much do your dogs weigh? (Select all applicable weights),Do you have security cameras to monitor your dogs when you are not home?,How much per month do you spend on the following for your dog(s)? Combine costs across all dogs per category. Set number to $1000 if you spend more. - Insurance,How much per month do you spend on the following for your dog(s)? Combine costs across all dogs per category. Set number to $1000 if you spend more. - Food,How much per month do you spend on the following for your dog(s)? Combine costs across all dogs per category. Set number to $1000 if you spend more. - Boarding,How much per month do you spend on the following for your dog(s)? Combine costs across all dogs per category. Set number to $1000 if you spend more. - Grooming,Are any of your dogs a service animal?,Have you ever driven children in a car seat?,"What was the retail price for that car seat (excluding tax)? If you do not remember, or if you did not purchase that car seat, use your best judgment to estimate the cost of the car seat.",How many days per week do you get at least 30 minutes of exercise?,"How often do you do any of the following with your dog(s)? (1=Never, 5=Always) - Walk","How often do you do any of the following with your dog(s)? (1=Never, 5=Always) - Run","How often do you do any of the following with your dog(s)? (1=Never, 5=Always) - Hunt","How often do you do any of the following with your dog(s)? (1=Never, 5=Always) - Dog Parks","How often do you do any of the following with your dog(s)? (1=Never, 5=Always) - Outdoor Adventures (beach, hiking, camping)","How often do you do any of the following with your dog(s)? (1=Never, 5=Always) - Shopping","How often do you do any of the following with your dog(s)? (1=Never, 5=Always) - Vacation","Do you use a walking assistance device for your dogs (e.g. dog carriage, carrier, purse)?","When you drive with your dogs, what types of vehicles do you drive in?",Are you concerned about the safety of your dog when you are in a car?,Have you ever been in a car accident?,Have you ever been in a car accident with your dog?,Has your dog ever been injured in a car accident?,Have you ever filed an insurance claim for your dog?,Do you restrain your dog in the car?,How much did you pay for the restraint? (Enter 0 if you did not pay for the restraint),"You are considering purchasing a restraint. Rate how the following items influence your decision (1=least influential, 5=most influential): - Available online store","You are considering purchasing a restraint. Rate how the following items influence your decision (1=least influential, 5=most influential): - Available retail store","You are considering purchasing a restraint. Rate how the following items influence your decision (1=least influential, 5=most influential): - Price","You are considering purchasing a restraint. Rate how the following items influence your decision (1=least influential, 5=most influential): - Aesthetics","You are considering purchasing a restraint. Re-order (drag) the following features in order of importance (1=most important, 4=least important): - Removable","You are considering purchasing a restraint. Re-order (drag) the following features in order of importance (1=most important, 4=least important): - Stain resistant","You are considering purchasing a restraint. Re-order (drag) the following features in order of importance (1=most important, 4=least important): - Lightweight","You are considering purchasing a restraint. Re-order (drag) the following features in order of importance (1=most important, 4=least important): - Sturdy","A new dog seat comes on the market that allows you to comfortably restrain your dogs while offering them flexibility of pose (e.g. sitting, lying down, sticking head out window). The dog seat is available in various sizes and fits all vehicle sizes.
Would you pay $100 for this dog seat?","A new dog seat comes on the market that allows you to comfortably restrain your dogs while offering them flexibility of pose (e.g. sitting, lying down, sticking head out window). The dog seat is available in various sizes and fits all vehicle sizes.
Would you pay $200 for this dog seat?","A new dog seat comes on the market that satisfies the new law. This revolutionary car seat is designed for dogs and allows you to travel safely with your fur babies. The high-end dog car seat is comfortable and convenient; is safety certified through crash tests; allows your dog to lay down or sit up; and fits in all size vehicles like a child car seat.



Would you pay $100 for this dog seat?","A new dog seat comes on the market that satisfies the new law. This revolutionary car seat is designed for dogs and allows you to travel safely with your fur babies. The high-end dog car seat is comfortable and convenient; is safety certified through crash tests; allows your dog to lay down or sit up; and fits in all size vehicles like a child car seat.



Would you pay $200 for this dog seat?","Please read the following facts regarding dogs:  - 370 dogs per day die in automobile accidents
  - 1400 dogs per day are injured in automobile accidents  - A crash at 25 mph or higher can be lethal for a dog  - The average veterinarian cost related to dog injury is $1000.
A new dog seat comes on the market that reduces the probability of injury or death by 75%. Dogs are comfortably restrained but still have flexibility of pose (e.g. sitting, lying down, sticking head out window). The dog seat is available in various sizes and fits all vehicle sizes.
Would you pay $100 for this dog seat?","Please read the following facts regarding dogs:  - 370 dogs per day die in automobile accidents
  - 1400 dogs per day are injured in automobile accidents  - A crash at 25 mph or higher can be lethal for a dog  - The average veterinarian cost related to dog injury is $1000.
A new dog seat comes on the market that reduces the probability of injury or death by 75%. Dogs are comfortably restrained but still have flexibility of pose (e.g. sitting, lying down, sticking head out window). The dog seat is available in various sizes and fits all vehicle sizes.
Would you pay $200 for this dog seat?","Suppose that a law has been passed requiring dogs to be restrained in a vehicle at all times. First time infractions face fines up to $250. Future infractions could cost up to $1000 each.
A new dog seat comes on the market that satisfies the new law. This dog seat allows you to comfortably restrain your dogs while offering them flexibility of pose (e.g. sitting, lying down, sticking head out window). The dog seat is available in various sizes and fits all vehicle sizes. 
Would you pay $100 for this dog seat?","Suppose that a law has been passed requiring dogs to be restrained in a vehicle at all times. First time infractions face fines up to $250. Future infractions could cost up to $1000 each.
A new dog seat comes on the market that satisfies the new law. This dog seat allows you to comfortably restrain your dogs while offering them flexibility of pose (e.g. sitting, lying down, sticking head out window). The dog seat is available in various sizes and fits all vehicle sizes. 
Would you pay $200 for this dog seat?","Please read the following facts regarding dogs:  - 370 dogs per day die in automobile accidents  - 1400 dogs per day are injured in automobile accidents  - A crash at 25 mph or higher can be lethal for a dog  - The average veterinarian cost related to dog injury is $1000. 
Suppose a law has been passed requiring dogs to be restrained in a vehicle at all times. First time infractions face fines up to $250. Future infractions could cost up to $1000 each.

A new car seat is introduced that satisfies this law. Further, this dog seat is estimated to reduce the probability of injury or death by 75%.
This revolutionary car seat is designed for dogs and allows you to travel safely with your fur babies. The high-end dog car seat is comfortable and convenient; is safety certified through crash tests; allows your dog to lay down or sit up; and fits in all size vehicles like a child car seat.

Would you pay $200 for this dog seat? 
Would you pay $100 for this dog seat?","Please read the following facts regarding dogs:  - 370 dogs per day die in automobile accidents  - 1400 dogs per day are injured in automobile accidents  - A crash at 25 mph or higher can be lethal for a dog  - The average veterinarian cost related to dog injury is $1000. 
Suppose a law has been passed requiring dogs to be restrained in a vehicle at all times. First time infractions face fines up to $250. Future infractions could cost up to $1000 each.

A new car seat is introduced that satisfies this law. Further, this dog seat is estimated to reduce the probability of injury or death by 75%.
This revolutionary car seat is designed for dogs and allows you to travel safely with your fur babies. The high-end dog car seat is comfortable and convenient; is safety certified through crash tests; allows your dog to lay down or sit up; and fits in all size vehicles like a child car seat.

Would you pay $200 for this dog seat? 
Would you pay $200 for this dog seat?",What is the maximum you expect to pay for a dog seat?
"{""ImportId"":""QID39""}","{""ImportId"":""QID40""}","{""ImportId"":""QID41""}","{""ImportId"":""QID42""}","{""ImportId"":""QID43""}","{""ImportId"":""QID44""}","{""ImportId"":""QID45""}","{""ImportId"":""QID59""}","{""ImportId"":""QID60""}","{""ImportId"":""QID62""}","{""ImportId"":""QID85_1""}","{""ImportId"":""QID85_2""}","{""ImportId"":""QID85_3""}","{""ImportId"":""QID85_5""}","{""ImportId"":""QID64""}","{""ImportId"":""QID48""}","{""ImportId"":""QID49""}","{""ImportId"":""QID54""}","{""ImportId"":""QID57_1""}","{""ImportId"":""QID57_2""}","{""ImportId"":""QID57_4""}","{""ImportId"":""QID57_5""}","{""ImportId"":""QID57_6""}","{""ImportId"":""QID57_10""}","{""ImportId"":""QID57_11""}","{""ImportId"":""QID71""}","{""ImportId"":""QID72""}","{""ImportId"":""QID66""}","{""ImportId"":""QID53""}","{""ImportId"":""QID68""}","{""ImportId"":""QID69""}","{""ImportId"":""QID70""}","{""ImportId"":""QID81""}","{""ImportId"":""QID82_TEXT""}","{""ImportId"":""QID80_7""}","{""ImportId"":""QID80_8""}","{""ImportId"":""QID80_6""}","{""ImportId"":""QID80_3""}","{""ImportId"":""QID83_1""}","{""ImportId"":""QID83_2""}","{""ImportId"":""QID83_3""}","{""ImportId"":""QID83_4""}","{""ImportId"":""QID78""}","{""ImportId"":""QID86""}","{""ImportId"":""QID73""}","{""ImportId"":""QID87""}","{""ImportId"":""QID75""}","{""ImportId"":""QID88""}","{""ImportId"":""QID76""}","{""ImportId"":""QID89""}","{""ImportId"":""QID77""}","{""ImportId"":""QID90""}","{""ImportId"":""QID74_TEXT""}"
Male,25-40,"$50,000 -$99,999",Some college,Married or Domestic Partnership,Rural,Single family home,2,41-70 lbs,Yes,,86,,,No,Yes,< $100,3-5,1 = Never,1 = Never,2,1 = Never,2,1 = Never,1 = Never,No,Truck,No,Yes,No,No,No,No,,3,3,3,1 = Least Influential,1,2,4,3,,,,,,,,,No,,0 my dogs would just not ride in the car
Female,25-40,"< $50,000",Some college,Married or Domestic Partnership,Urban,Apartment,2,"< 10 lbs,41-70 lbs",No,,116,,,Yes,Yes,$200 - $299,1-2,3,1 = Never,1 = Never,4,4,3,5 = Always,No,Mini-van or van,Yes,No,No,No,No,No,,4,5 = Most Influential,3,1 = Least Influential,2,4,3,1,,,,,Yes,,,,,,100
Male,18-25,"< $50,000",Some college,In a relationship,Suburban,Single family home,2,71-90 lbs,No,,100,0,0,No,No,,1-2,3,2,1 = Never,1 = Never,4,1 = Never,3,No,"Sedan,Mini-van or van",No,No,No,No,No,No,,4,5 = Most Influential,4,3,2,4,3,1,Yes,,,,,,,,,,150
Female,18-25,"$50,000 -$99,999",Some college,Single,Suburban,Single family home,1,26-40 lbs,No,52,40,0,14,No,No,,6-7,5 = Always,2,1 = Never,3,3,1 = Never,3,No,Compact,No,Yes,No,No,No,No,,3,4,5 = Most Influential,2,,,,,No,,,,,,,,,,$45
Male,25-40,"$50,000 -$99,999",2 year degree,Married or Domestic Partnership,Suburban,Single family home,3+,26-40 lbs,No,,100,,42,No,Yes,$200 - $299,3-5,3,2,1 = Never,3,2,1 = Never,2,No,Sedan,No,Yes,No,No,No,No,,4,3,5 = Most Influential,1 = Least Influential,1,2,3,4,,,Yes,,,,,,,,150$
Male,25-40,"$50,000 -$99,999",4 year degree,Married or Domestic Partnership,Suburban,Single family home,2,41-70 lbs,No,,51,57,,No,Yes,$100 - $199,3-5,3,2,1 = Never,2,2,1 = Never,2,No,"SUV or Cross-over,Mini-van or van",No,Yes,No,No,No,No,,2,1 = Least Influential,3,2,1,3,4,2,,No,,,,,,,,,120
Female,25-40,"$50,000 -$99,999",4 year degree,In a relationship,Suburban,Apartment,2,"41-70 lbs,71-90 lbs",No,,172,,,No,No,,3-5,5 = Always,1 = Never,1 = Never,1 = Never,2,1 = Never,2,No,Sports car,Yes,Yes,Yes,No,No,No,,4,4,2,1 = Least Influential,2,4,1,3,,,,,,,,,Yes,,150
Female,18-25,"< $50,000",4 year degree,Single,Urban,Single family home,3+,"11-25 lbs,26-40 lbs,71-90 lbs",No,112,178,11,69,No,Yes,< $100,1-2,3,1 = Never,1 = Never,1 = Never,3,1 = Never,3,Yes,SUV or Cross-over,No,Yes,No,No,No,No,,1 = Least Influential,2,5 = Most Influential,2,3,4,2,1,,,,,,,,Yes,,,250
Female,25-40,"$50,000 -$99,999",Graduate degree and beyond,Single,Suburban,Single family home,1,< 10 lbs,Yes,26,20,,,No,Yes,$100 - $199,3-5,5 = Always,1 = Never,1 = Never,1 = Never,3,2,2,Yes,SUV or Cross-over,Yes,Yes,No,No,Yes,Yes,25.00,3,3,3,3,2,3,4,1,,,Yes,,,,,,,,150
Female,18-25,"< $50,000",4 year degree,In a relationship,Major City,Apartment,1,11-25 lbs,Yes,,10,10,,No,No,,3-5,5 = Always,1 = Never,1 = Never,5 = Always,5 = Always,2,2,No,Compact,Yes,Yes,No,No,No,Yes,10,5 = Most Influential,5 = Most Influential,5 = Most Influential,1 = Least Influential,3,4,2,1,,,Yes,,,,,,,,100
Male,41-56,"< $50,000",High school graduate,Married or Domestic Partnership,Suburban,Single family home,2,"41-70 lbs,71-90 lbs",Yes,,123,,,No,Yes,$100 - $199,1-2,3,1 = Never,1 = Never,1 = Never,2,1 = Never,2,No,Mini-van or van,No,Yes,No,No,No,No,,2,2,2,2,3,1,4,2,,,,,,No,,,,,50
Female,25-40,"< $50,000",Some college,Single,Suburban,Multi-family home,2,41-70 lbs,Yes,,25,,,No,No,,0,1 = Never,1 = Never,1 = Never,1 = Never,3,1 = Never,1 = Never,No,Truck,No,No,No,No,No,No,,3,3,5 = Most Influential,4,2,3,4,1,,,,,,,Yes,,,,$100.00
Female,18-25,"$100,000 - $149,999",Some college,Single,Rural,Multi-family home,1,11-25 lbs,No,197,417,,,No,No,,3-5,3,3,1 = Never,1 = Never,3,1 = Never,1 = Never,No,I do not drive with my dogs,Yes,No,No,No,No,Yes,0,2,5 = Most Influential,4,1 = Least Influential,2,4,3,1,Yes,,,,,,,,,,150
Female,25-40,"< $50,000",High school graduate,Single,Major City,Single family home,2,< 10 lbs,No,,201,,,No,No,,1-2,4,2,1 = Never,1 = Never,1 = Never,1 = Never,1 = Never,No,I do not drive with my dogs,Yes,No,No,No,No,Yes,0,4,4,4,4,,,,,,,No,,,,,,,,$50
Male,41-56,"$150,000 - $199,999",Graduate degree and beyond,Married or Domestic Partnership,Major City,Condominium,1,< 10 lbs,Yes,72,57,,37,No,No,,0,5 = Always,1 = Never,1 = Never,2,2,1 = Never,3,No,Sedan,Yes,Yes,No,No,No,No,,1 = Least Influential,1 = Least Influential,4,3,2,4,3,1,,,Yes,,,,,,,,100
Female,25-40,"< $50,000",4 year degree,Single,Rural,Single family home,1,< 10 lbs,No,0,7,0,10,No,No,,3-5,5 = Always,1 = Never,1 = Never,1 = Never,1 = Never,1 = Never,2,No,"SUV or Cross-over,Compact",Yes,No,No,No,No,Yes,0,4,4,5 = Most Influential,1 = Least Influential,2,4,3,1,,,,,,,,No,,,30
Male,41-56,"$100,000 - $149,999",4 year degree,Married or Domestic Partnership,Suburban,Single family home,1,26-40 lbs,No,,70,,13,No,Yes,$100 - $199,3-5,2,1 = Never,1 = Never,1 = Never,1 = Never,1 = Never,1 = Never,No,I do not drive with my dogs,No,Yes,No,No,No,No,,4,4,5 = Most Influential,2,1,4,2,3,,,,,,,,,Yes,,$200
Male,25-40,"$100,000 - $149,999",2 year degree,Married or Domestic Partnership,Suburban,Single family home,2,"11-25 lbs,26-40 lbs",No,,81,,,No,Yes,$100 - $199,1-2,2,1 = Never,1 = Never,2,2,1 = Never,2,No,"SUV or Cross-over,Truck",Yes,No,No,No,No,No,,4,3,5 = Most Influential,3,2,4,3,1,,,,,,,No,,,,30
Female,25-40,"$100,000 - $149,999",Graduate degree and beyond,Married or Domestic Partnership,Rural,Single family home,2,41-70 lbs,No,,95,,,No,Yes,$100 - $199,0,2,1 = Never,1 = Never,1 = Never,2,1 = Never,3,No,SUV or Cross-over,Yes,Yes,No,No,No,Yes,100,5 = Most Influential,2,4,3,2,4,3,1,,,,,Yes,,,,,,150
Male,25-40,"$50,000 -$99,999",4 year degree,Married or Domestic Partnership,Suburban,Single family home,2,41-70 lbs,No,,54,,20,No,Yes,$100 - $199,3-5,3,2,1 = Never,2,3,1 = Never,3,No,"SUV or Cross-over,Sedan",Yes,No,No,No,No,Yes,30,4,4,3,2,2,4,3,1,,,,,,,,,,No,75
Female,25-40,"$50,000 -$99,999",High school graduate,Married or Domestic Partnership,Major City,Single family home,1,11-25 lbs,No,0,30,0,22,No,Yes,$50 - $99,6-7,4,1 = Never,1 = Never,2,3,4,3,Yes,"SUV or Cross-over,Truck",No,Yes,No,No,No,Yes,20,4,3,3,3,1,3,4,2,,,,,No,,,,,,20
Female,18-25,"$50,000 -$99,999",Some college,In a relationship,Urban,Single family home,1,71-90 lbs,No,,41,,0,No,Yes,$100 - $199,3-5,2,1 = Never,1 = Never,2,1 = Never,1 = Never,1 = Never,No,Sedan,Yes,Yes,No,No,No,No,,1 = Least Influential,2,4,2,2,4,3,1,,,,,,,,Yes,,,300
Male,25-40,"$100,000 - $149,999",Some college,Married or Domestic Partnership,Suburban,Single family home,1,41-70 lbs,Yes,,50,,,No,Yes,$100 - $199,3-5,5 = Always,4,1 = Never,3,2,1 = Never,3,No,SUV or Cross-over,Yes,Yes,No,No,No,No,,3,4,3,3,3,4,2,1,,,,,,,,,Yes,,300
Female,18-25,"$50,000 -$99,999",High school graduate,Single,Urban,Single family home,3+,"< 10 lbs,11-25 lbs,26-40 lbs",Yes,,35,,51,No,No,,1-2,3,1 = Never,1 = Never,1 = Never,4,2,2,Yes,Mini-van or van,Yes,No,No,No,No,Yes,11,3,2,4,2,2,3,4,1,,,,,,,,No,,,100
Female,18-25,"$50,000 -$99,999",4 year degree,In a relationship,Urban,Single family home,1,11-25 lbs,No,,65,,,No,No,,6-7,5 = Always,5 = Always,1 = Never,2,2,1 = Never,1 = Never,No,Compact,Yes,No,No,No,No,No,,4,5 = Most Influential,5 = Most Influential,3,3,4,2,1,,No,,,,,,,,,50
Female,25-40,"$50,000 -$99,999",High school graduate,Married or Domestic Partnership,Urban,Single family home,1,71-90 lbs,No,68,157,28,47,No,Yes,$100 - $199,6-7,4,3,1 = Never,1 = Never,1 = Never,1 = Never,1 = Never,No,SUV or Cross-over,Yes,No,No,No,No,No,,4,4,5 = Most Influential,1 = Least Influential,4,3,2,1,,No,,,,,,,,,80
Female,41-56,"< $50,000",Some college,Single,Rural,Single family home,3+,"< 10 lbs,11-25 lbs,26-40 lbs,41-70 lbs",No,,120,,52,No,Yes,$50 - $99,1-2,2,1 = Never,1 = Never,1 = Never,2,2,2,No,Sedan,Yes,Yes,No,No,No,Yes,0,3,3,5 = Most Influential,1 = Least Influential,1,4,3,2,,,,,,,,,,No,$45
Female,18-25,"< $50,000",Some college,In a relationship,Rural,Apartment,2,91 - 120 lbs,No,,195,,95,No,Yes,$100 - $199,3-5,3,3,1 = Never,4,2,2,2,No,"Sedan,Truck,Convertible",No,No,No,No,No,No,,5 = Most Influential,4,5 = Most Influential,5 = Most Influential,2,4,3,1,,,,,Yes,,,,,,250
Female,18-25,"< $50,000",4 year degree,In a relationship,Rural,Multi-family home,1,41-70 lbs,No,,75,,,No,No,,3-5,3,2,1 = Never,1 = Never,1 = Never,1 = Never,1 = Never,No,Truck,Yes,Yes,No,No,No,Yes,0,4,2,3,1 = Least Influential,2,4,3,1,,,,,,,,,Yes,,200
Female,41-56,"< $50,000",2 year degree,Married or Domestic Partnership,Suburban,Single family home,1,11-25 lbs,Yes,,51,,59,No,Yes,$100 - $199,0,2,1 = Never,1 = Never,1 = Never,1 = Never,1 = Never,1 = Never,No,SUV or Cross-over,Yes,Yes,No,No,No,No,,3,3,5 = Most Influential,4,3,4,2,1,,,,,,,,,,Yes,125
Male,18-25,"< $50,000",High school graduate,Single,Rural,Single family home,1,11-25 lbs,No,,83,,41,No,No,,3-5,4,4,1 = Never,3,2,1 = Never,1 = Never,No,SUV or Cross-over,No,No,No,No,No,No,,5 = Most Influential,4,5 = Most Influential,1 = Least Influential,3,4,2,1,,,,,,Yes,,,,,200
Female,18-25,"$150,000 - $199,999",4 year degree,Single,Suburban,Single family home,3+,"11-25 lbs,26-40 lbs,41-70 lbs",No,,62,,60,No,No,,3-5,2,1 = Never,1 = Never,1 = Never,2,1 = Never,2,No,SUV or Cross-over,Yes,Yes,No,No,No,Yes,0,4,3,5 = Most Influential,3,2,4,3,1,,,,No,,,,,,,50
Female,18-25,"< $50,000",4 year degree,In a relationship,Urban,Multi-family home,2,< 10 lbs,No,,32,,,No,Yes,< $100,0,3,2,1 = Never,1 = Never,4,1 = Never,1 = Never,No,"Compact,Convertible",Yes,Yes,No,No,No,Yes,0,4,4,5 = Most Influential,4,1,3,4,2,,,,No,,,,,,,50
Male,41-56,"$150,000 - $199,999",4 year degree,In a relationship,Major City,Single family home,2,< 10 lbs,Yes,80,60,103,52,No,Yes,$100 - $199,1-2,3,1 = Never,1 = Never,3,2,1 = Never,1 = Never,No,Compact,Yes,No,No,No,Yes,No,,2,2,2,2,1,4,3,2,,,,,,Yes,,,,,200
Non-binary / third gender,25-40,"< $50,000",Graduate degree and beyond,Married or Domestic Partnership,Suburban,Single family home,2,11-25 lbs,No,0,39,35,41,No,Yes,$100 - $199,1-2,2,1 = Never,1 = Never,1 = Never,3,1 = Never,1 = Never,No,SUV or Cross-over,Yes,Yes,No,No,No,Yes,10,1 = Least Influential,5 = Most Influential,5 = Most Influential,1 = Least Influential,1,4,3,2,,,,,No,,,,,,$40
Female,18-25,"$150,000 - $199,999",Some college,Single,Suburban,Multi-family home,1,26-40 lbs,No,,169,,117,No,No,,1-2,3,2,1 = Never,4,3,2,3,No,Sedan,Yes,No,No,No,No,No,,3,3,4,2,3,4,2,1,,,,No,,,,,,,$50
Female,18-25,"$100,000 - $149,999",Some college,Single,Suburban,Townhouse,1,11-25 lbs,No,,90,,51,No,Yes,$100 - $199,1-2,4,1 = Never,1 = Never,1 = Never,1 = Never,1 = Never,1 = Never,No,Sedan,Yes,No,No,No,No,No,,4,4,5 = Most Influential,4,2,4,1,3,,,,,,,Yes,,,,$100
Female,41-56,"$50,000 -$99,999",2 year degree,Married or Domestic Partnership,Rural,Single family home,1,26-40 lbs,No,,49,,,No,Yes,< $100,6-7,1 = Never,1 = Never,1 = Never,1 = Never,1 = Never,1 = Never,1 = Never,No,I do not drive with my dogs,No,Yes,No,No,No,No,,1 = Least Influential,1 = Least Influential,1 = Least Influential,1 = Least Influential,1,4,3,2,,,,,No,,,,,,0
Male,25-40,"< $50,000",4 year degree,Married or Domestic Partnership,Suburban,Single family home,1,41-70 lbs,Yes,51,100,,,No,No,,1-2,4,2,1 = Never,2,3,1 = Never,3,No,Sedan,Yes,Yes,No,No,No,Yes,0,3,3,1 = Least Influential,1 = Least Influential,3,2,4,1,,,,,Yes,,,,,,150
Male,41-56,"< $50,000",Some college,Single,Rural,Single family home,1,26-40 lbs,No,,30,,,No,Yes,$50 - $99,3-5,1 = Never,1 = Never,1 = Never,1 = Never,1 = Never,1 = Never,1 = Never,No,I do not drive with my dogs,No,Yes,No,No,No,Yes,0,1 = Least Influential,1 = Least Influential,1 = Least Influential,1 = Least Influential,4,3,2,1,Yes,,,,,,,,,,0
Female,25-40,"< $50,000",4 year degree,Single,Urban,Apartment,1,26-40 lbs,No,,20,,,No,No,,6-7,5 = Always,1 = Never,1 = Never,5 = Always,3,1 = Never,2,No,SUV or Cross-over,Yes,No,No,No,No,No,,5 = Most Influential,4,5 = Most Influential,1 = Least Influential,2,4,3,1,,,,Yes,,,,,,,200
Male,25-40,"< $50,000",Trade profession,Married or Domestic Partnership,Rural,Single family home,2,11-25 lbs,Yes,,36,0,35,No,Yes,< $100,6-7,5 = Always,2,1 = Never,3,3,1 = Never,2,Yes,Compact,Yes,Yes,No,No,No,No,,3,3,5 = Most Influential,2,3,4,2,1,,,,,,Yes,,,,,200
Female,18-25,"< $50,000",Some college,Single,Urban,Single family home,2,71-90 lbs,No,,62,202,,No,No,,3-5,3,3,1 = Never,2,2,1 = Never,1 = Never,No,"Sports car,Sedan,Truck",Yes,Yes,No,No,No,Yes,12,3,3,4,2,2,4,3,1,,,No,,,,,,,,75
Female,18-25,"$50,000 -$99,999",High school graduate,Single,Rural,Single family home,2,71-90 lbs,No,0,51,0,0,No,No,,6-7,4,1 = Never,1 = Never,2,4,1 = Never,4,No,"SUV or Cross-over,Truck",No,No,No,No,No,Yes,10,4,4,5 = Most Influential,1 = Least Influential,2,4,3,1,,,,,Yes,,,,,,125
Female,41-56,"$50,000 -$99,999",2 year degree,Divorced or Separated,Rural,Single family home,3+,< 10 lbs,No,,51,,,No,Yes,< $100,1-2,1 = Never,1 = Never,1 = Never,3,2,4,2,No,SUV or Cross-over,No,No,No,No,No,No,,3,3,5 = Most Influential,4,1,4,2,3,,,,,,,,,No,,50
Female,25-40,"$50,000 -$99,999",Some college,Married or Domestic Partnership,Major City,Apartment,2,"< 10 lbs,41-70 lbs",No,,106,,,No,No,,1-2,5 = Always,1 = Never,1 = Never,2,1 = Never,1 = Never,2,No,I do not drive with my dogs,Yes,No,No,No,No,No,,3,3,4,4,2,4,3,1,,,,,No,,,,,,60
Female,25-40,"< $50,000",2 year degree,In a relationship,Urban,Apartment,1,11-25 lbs,No,,46,,21,No,No,,0,4,2,1 = Never,2,2,1 = Never,2,No,Convertible,No,No,No,No,No,Yes,20,4,2,4,3,1,4,3,2,Yes,,,,,,,,,,150
Female,18-25,"$50,000 -$99,999",Some college,In a relationship,Rural,Single family home,3+,26-40 lbs,No,,203,,52,No,Yes,$100 - $199,3-5,4,3,2,1 = Never,3,1 = Never,3,No,Truck,No,No,No,No,No,Yes,0,5 = Most Influential,5 = Most Influential,3,1 = Least Influential,3,4,2,1,,,,,,,Yes,,,,180
Non-binary / third gender,18-25,"< $50,000",High school graduate,Single,Rural,Single family home,1,71-90 lbs,No,0,28,0,0,Yes,No,,0,1 = Never,1 = Never,1 = Never,1 = Never,1 = Never,1 = Never,1 = Never,No,"SUV or Cross-over,Sedan",No,Yes,No,No,No,No,,1 = Least Influential,3,4,3,1,2,3,4,,,,,No,,,,,,$45
Female,25-40,"< $50,000",2 year degree,Single,Suburban,Single family home,1,26-40 lbs,Yes,58,121,0,0,Yes,Yes,< $100,1-2,2,1 = Never,1 = Never,2,1 = Never,1 = Never,1 = Never,No,SUV or Cross-over,Yes,No,No,No,No,No,,5 = Most Influential,4,5 = Most Influential,4,2,4,3,1,Yes,,,,,,,,,,100
Female,25-40,"$50,000 -$99,999",High school graduate,Married or Domestic Partnership,Suburban,Single family home,2,41-70 lbs,No,,181,,,No,No,,1-2,2,1 = Never,1 = Never,2,2,1 = Never,3,No,Sedan,No,Yes,No,No,No,No,,3,3,3,3,1,2,3,4,,,,,,No,,,,,0
Female,25-40,"$100,000 - $149,999",4 year degree,Married or Domestic Partnership,Suburban,Single family home,1,71-90 lbs,Yes,,62,41,45,No,Yes,$100 - $199,3-5,5 = Always,1 = Never,1 = Never,2,2,1 = Never,1 = Never,No,Mini-van or van,Yes,Yes,No,No,No,Yes,10,5 = Most Influential,3,5 = Most Influential,1 = Least Influential,2,4,3,1,,No,,,,,,,,,45
Female,41-56,"< $50,000",Some college,Single,Urban,Single family home,2,"91 - 120 lbs,> 120 lbs",No,,230,,200,No,Yes,$100 - $199,3-5,3,1 = Never,1 = Never,2,1 = Never,1 = Never,1 = Never,No,SUV or Cross-over,Yes,Yes,No,No,No,No,,2,5 = Most Influential,5 = Most Influential,3,3,1,4,2,,,,,,Yes,,,,,2000
Male,25-40,"$50,000 -$99,999",4 year degree,Single,Suburban,Single family home,1,91 - 120 lbs,No,,103,43,29,No,No,,3-5,5 = Always,3,1 = Never,5 = Always,3,2,4,No,SUV or Cross-over,No,No,No,No,No,No,,2,4,5 = Most Influential,4,2,4,3,1,,,,Yes,,,,,,,150
Female,18-25,"< $50,000",Some college,Single,Suburban,Townhouse,1,71-90 lbs,No,,39,,,No,Yes,$200 - $299,3-5,4,2,1 = Never,3,2,1 = Never,2,No,SUV or Cross-over,No,No,No,No,No,No,,4,4,5 = Most Influential,3,2,4,3,1,Yes,,,,,,,,,,$120
Female,18-25,"$50,000 -$99,999",Graduate degree and beyond,Married or Domestic Partnership,Urban,Single family home,1,26-40 lbs,No,30,204,,,No,Yes,$100 - $199,3-5,5 = Always,1 = Never,1 = Never,5 = Always,5 = Always,3,3,No,SUV or Cross-over,Yes,Yes,No,No,No,No,,2,3,4,2,,,,,Yes,,,,,,,,,,100
Female,25-40,"$50,000 -$99,999",Graduate degree and beyond,Married or Domestic Partnership,Suburban,Single family home,1,> 120 lbs,No,,160,,,No,No,,1-2,2,1 = Never,1 = Never,2,2,1 = Never,2,No,"SUV or Cross-over,Sedan",Yes,Yes,No,No,No,No,,4,1 = Least Influential,5 = Most Influential,3,1,4,2,3,,,,,,No,,,,,50
Female,18-25,"< $50,000",4 year degree,In a relationship,Suburban,Single family home,1,71-90 lbs,No,24,52,,27,No,Yes,< $100,1-2,4,2,1 = Never,3,2,1 = Never,2,No,SUV or Cross-over,Yes,No,No,No,No,No,,4,4,5 = Most Influential,4,2,4,3,1,No,,,,,,,,,,50
Female,25-40,"< $50,000",4 year degree,Single,Suburban,Single family home,2,"< 10 lbs,11-25 lbs",No,,40,,,No,Yes,$100 - $199,1-2,3,1 = Never,1 = Never,2,3,1 = Never,2,Yes,SUV or Cross-over,Yes,Yes,No,No,No,No,,3,1 = Least Influential,3,2,1,4,3,2,,,,,,,,Yes,,,$75
Female,18-25,"< $50,000",Some college,Married or Domestic Partnership,Suburban,Single family home,2,"41-70 lbs,91 - 120 lbs",No,,150,,,No,Yes,$200 - $299,3-5,4,1 = Never,1 = Never,1 = Never,1 = Never,1 = Never,5 = Always,No,"SUV or Cross-over,Truck",Yes,No,No,No,No,No,,5 = Most Influential,3,5 = Most Influential,4,2,3,4,1,Yes,,,,,,,,,,100
Female,25-40,"$100,000 - $149,999",4 year degree,Divorced or Separated,Suburban,Single family home,1,11-25 lbs,No,,44,,17,No,No,,3-5,4,1 = Never,1 = Never,2,2,2,2,Yes,Truck,Yes,Yes,No,No,No,No,,3,4,4,3,2,4,3,1,,Yes,,,,,,,,,$250
Female,25-40,"< $50,000",4 year degree,Married or Domestic Partnership,Major City,Apartment,1,11-25 lbs,No,,41,,31,No,Yes,$200 - $299,1-2,2,1 = Never,1 = Never,1 = Never,1 = Never,1 = Never,1 = Never,No,SUV or Cross-over,Yes,No,No,No,No,Yes,20,5 = Most Influential,2,5 = Most Influential,2,3,4,2,1,,,,Yes,,,,,,,230
Female,18-25,"$100,000 - $149,999",4 year degree,In a relationship,Suburban,Single family home,2,< 10 lbs,No,106,54,,,No,No,,3-5,5 = Always,3,1 = Never,2,2,1 = Never,2,No,"SUV or Cross-over,Sedan,Mini-van or van",Yes,Yes,No,No,No,Yes,0,2,2,4,3,2,4,3,1,,No,,,,,,,,,50
Female,41-56,"< $50,000",4 year degree,Married or Domestic Partnership,Suburban,Single family home,2,< 10 lbs,No,60,45,,,No,Yes,$50 - $99,1-2,4,1 = Never,1 = Never,2,3,1 = Never,2,Yes,SUV or Cross-over,Yes,Yes,No,No,No,Yes,50,3,3,4,2,4,3,2,1,,No,,,,,,,,,100
Male,25-40,"< $50,000",Graduate degree and beyond,Married or Domestic Partnership,Rural,Single family home,1,41-70 lbs,No,,37,31,9,No,No,,1-2,5 = Always,3,1 = Never,1 = Never,2,2,3,No,"SUV or Cross-over,Truck",Yes,No,No,No,No,Yes,45,3,3,5 = Most Influential,2,2,4,3,1,,,,,,,,No,,,50
Male,25-40,"$100,000 - $149,999",4 year degree,Married or Domestic Partnership,Rural,Single family home,1,41-70 lbs,No,0,60,0,20,No,No,,6-7,1 = Never,1 = Never,1 = Never,1 = Never,1 = Never,1 = Never,1 = Never,No,SUV or Cross-over,No,Yes,No,No,No,Yes,50,5 = Most Influential,3,3,3,2,3,4,1,,,,,,Yes,,,,,300
Male,25-40,"$100,000 - $149,999",4 year degree,Married or Domestic Partnership,Suburban,Single family home,2,11-25 lbs,Yes,,101,,52,No,Yes,$100 - $199,1-2,4,2,1 = Never,4,2,1 = Never,1 = Never,No,Sedan,No,Yes,No,No,No,No,,3,3,4,4,1,3,4,2,,,,,,,No,,,,0
Female,25-40,"< $50,000",High school graduate,Married or Domestic Partnership,Urban,Multi-family home,2,71-90 lbs,No,110,38,19,65,No,Yes,< $100,1-2,2,5 = Always,3,1 = Never,1 = Never,1 = Never,1 = Never,No,Truck,Yes,Yes,No,No,No,Yes,0,3,4,2,3,2,4,3,1,,,,,No,,,,,,50
Female,25-40,"$50,000 -$99,999",4 year degree,Married or Domestic Partnership,Suburban,Single family home,1,91 - 120 lbs,No,0,69,155,54,No,No,,6-7,5 = Always,1 = Never,1 = Never,3,2,1 = Never,2,No,SUV or Cross-over,No,No,No,No,No,No,,5 = Most Influential,2,3,1 = Least Influential,1,4,3,2,,,,,,,Yes,,,,150
Male,41-56,"$150,000 - $199,999",Graduate degree and beyond,Single,Major City,Condominium,1,71-90 lbs,No,0,51,0,0,No,No,,1-2,4,1 = Never,1 = Never,2,1 = Never,1 = Never,1 = Never,No,I do not drive with my dogs,No,Yes,No,No,No,No,,4,1 = Least Influential,3,2,1,4,3,2,,,,,,,,No,,,75
Male,57+,"$250,000 - $299,999",4 year degree,Married or Domestic Partnership,Suburban,Single family home,1,26-40 lbs,No,,100,48,100,No,Yes,$200 - $299,3-5,2,1 = Never,1 = Never,1 = Never,3,1 = Never,3,No,SUV or Cross-over,No,No,No,No,No,No,,4,3,3,3,1,4,2,3,,,,,,,,,Yes,,0
Male,25-40,"$150,000 - $199,999",4 year degree,Married or Domestic Partnership,Urban,Single family home,2,"< 10 lbs,11-25 lbs",No,,87,,19,No,No,,1-2,5 = Always,2,1 = Never,3,2,1 = Never,5 = Always,No,Sedan,Yes,Yes,No,No,No,Yes,20,4,4,3,1 = Least Influential,2,4,3,1,,,,Yes,,,,,,,300
Female,25-40,"$100,000 - $149,999",4 year degree,Married or Domestic Partnership,Urban,Apartment,1,41-70 lbs,No,90,48,,71,Yes,No,,3-5,4,1 = Never,1 = Never,1 = Never,2,2,2,No,Sedan,Yes,Yes,No,No,Yes,Yes,40,5 = Most Influential,5 = Most Influential,3,3,2,4,3,1,,Yes,,,,,,,,,100
Female,18-25,"$50,000 -$99,999",4 year degree,Single,Urban,Single family home,1,26-40 lbs,No,,51,,,No,Yes,$50 - $99,6-7,2,1 = Never,1 = Never,1 = Never,2,1 = Never,1 = Never,No,SUV or Cross-over,Yes,No,No,No,No,No,,1 = Least Influential,5 = Most Influential,5 = Most Influential,4,1,4,3,2,,,,,,,,,,No,90
Female,41-56,"$100,000 - $149,999",2 year degree,Married or Domestic Partnership,Rural,Single family home,2,"11-25 lbs,41-70 lbs",No,0,90,0,66,No,Yes,< $100,1-2,3,2,1 = Never,3,2,2,2,No,SUV or Cross-over,Yes,Yes,No,No,No,Yes,150,4,5 = Most Influential,3,2,2,3,4,1,,,,,,,,,,Yes,200
Female,41-56,"< $50,000",Some college,Divorced or Separated,Rural,Single family home,1,11-25 lbs,No,,16,,,No,Yes,$200 - $299,3-5,2,1 = Never,1 = Never,2,4,1 = Never,4,No,SUV or Cross-over,Yes,Yes,No,No,No,Yes,15,2,2,4,1 = Least Influential,4,2,3,1,,,,,,,,,,No,50
Female,18-25,"< $50,000",High school graduate,In a relationship,Suburban,Single family home,2,11-25 lbs,No,,155,,155,No,Yes,$50 - $99,1-2,5 = Always,1 = Never,1 = Never,1 = Never,1 = Never,1 = Never,2,No,"SUV or Cross-over,Sedan",Yes,Yes,No,No,No,No,,2,2,5 = Most Influential,1 = Least Influential,2,4,3,1,,,,,,,,,,Yes,250
Female,57+,"< $50,000",4 year degree,Single,Urban,Single family home,1,41-70 lbs,No,,55,,139,No,Yes,$100 - $199,0,2,1 = Never,1 = Never,1 = Never,1 = Never,1 = Never,1 = Never,No,Sedan,Yes,Yes,No,No,No,Yes,49,3,2,4,2,2,3,4,1,,Yes,,,,,,,,,200
Female,41-56,"< $50,000",2 year degree,Single,Rural,Single family home,1,41-70 lbs,No,0,98,0,0,No,No,,3-5,2,1 = Never,1 = Never,1 = Never,2,1 = Never,1 = Never,No,SUV or Cross-over,Yes,Yes,No,No,No,No,,3,3,5 = Most Influential,1 = Least Influential,1,4,3,2,,,,,,,Yes,,,,100
Female,41-56,"< $50,000",Trade profession,Married or Domestic Partnership,Suburban,Apartment,1,< 10 lbs,No,,14,,,Yes,Yes,$100 - $199,6-7,5 = Always,1 = Never,1 = Never,1 = Never,1 = Never,1 = Never,2,No,Bus,No,Yes,No,No,No,No,,1 = Least Influential,5 = Most Influential,2,3,2,3,1,4,,,,,,,,No,,,$75.
Female,25-40,"$50,000 -$99,999",2 year degree,In a relationship,Suburban,Single family home,2,41-70 lbs,No,,52,,,No,Yes,$100 - $199,3-5,4,1 = Never,1 = Never,2,3,1 = Never,3,No,"SUV or Cross-over,Compact",No,Yes,No,No,No,Yes,25,3,4,5 = Most Influential,4,2,4,3,1,,,,,,,,,Yes,,120
Female,18-25,"< $50,000",Some college,Married or Domestic Partnership,Suburban,Apartment,2,"< 10 lbs,26-40 lbs",No,,50,,,No,No,,1-2,2,2,2,1 = Never,1 = Never,3,1 = Never,No,"Sedan,Truck",Yes,Yes,No,No,No,No,,4,4,5 = Most Influential,1 = Least Influential,2,4,3,1,,,,,,Yes,,,,,300
Female,25-40,"$100,000 - $149,999",Graduate degree and beyond,Married or Domestic Partnership,Urban,Single family home,2,"11-25 lbs,41-70 lbs",No,,100,,106,No,Yes,$200 - $299,3-5,3,1 = Never,1 = Never,3,2,2,4,No,SUV or Cross-over,Yes,Yes,No,No,No,Yes,50,5 = Most Influential,4,3,1 = Least Influential,2,4,3,1,,,Yes,,,,,,,,100
Female,25-40,"$100,000 - $149,999",2 year degree,Married or Domestic Partnership,Suburban,Single family home,1,11-25 lbs,No,,26,,,No,Yes,$300 - $399,0,2,1 = Never,1 = Never,1 = Never,1 = Never,1 = Never,1 = Never,No,SUV or Cross-over,Yes,No,No,No,No,Yes,25,5 = Most Influential,1 = Least Influential,5 = Most Influential,1 = Least Influential,4,3,2,1,,,,No,,,,,,,$75
Male,18-25,"$150,000 - $199,999",Some college,In a relationship,Suburban,Single family home,1,11-25 lbs,No,153,202,1000,27,No,No,,3-5,2,1 = Never,1 = Never,1 = Never,1 = Never,2,3,No,"SUV or Cross-over,Sedan,Compact,Truck",No,Yes,No,No,No,No,,3,3,5 = Most Influential,4,2,3,1,4,No,,,,,,,,,,40
Female,41-56,"$50,000 -$99,999",Some college,In a relationship,Rural,Single family home,2,"< 10 lbs,11-25 lbs",No,,52,,,No,Yes,$50 - $99,3-5,5 = Always,3,1 = Never,1 = Never,2,1 = Never,4,Yes,Truck,Yes,No,No,No,No,No,,3,3,2,4,2,4,3,1,,Yes,,,,,,,,,100.00
Female,25-40,"$50,000 -$99,999",Some college,Married or Domestic Partnership,Urban,Condominium,2,11-25 lbs,No,,80,,100,No,Yes,$50 - $99,1-2,5 = Always,2,1 = Never,2,1 = Never,1 = Never,5 = Always,No,SUV or Cross-over,Yes,Yes,No,No,No,Yes,100,4,1 = Least Influential,3,4,3,2,4,1,,,,,Yes,,,,,,$200
Female,41-56,"< $50,000",High school graduate,In a relationship,Rural,Single family home,1,41-70 lbs,No,,139,,,No,Yes,$50 - $99,3-5,3,1 = Never,1 = Never,2,3,1 = Never,1 = Never,No,Sedan,Yes,No,No,No,No,No,,3,5 = Most Influential,5 = Most Influential,5 = Most Influential,1,4,3,2,,Yes,,,,,,,,,250
Female,25-40,"$50,000 -$99,999",4 year degree,In a relationship,Suburban,Apartment,1,26-40 lbs,No,,45,0,0,No,Yes,$300 - $399,3-5,5 = Always,2,1 = Never,3,3,2,5 = Always,No,Sedan,Yes,Yes,No,No,No,No,,2,3,2,3,3,4,2,1,,,,,,,Yes,,,,150
Male,25-40,"< $50,000",4 year degree,Single,Suburban,Apartment,1,< 10 lbs,No,,28,,,No,Yes,$100 - $199,0,3,2,1 = Never,2,2,1 = Never,2,No,SUV or Cross-over,Yes,Yes,No,No,No,No,,4,1 = Least Influential,4,3,1,3,4,2,,,,,,,Yes,,,,100
Female,18-25,"$150,000 - $199,999",Some college,In a relationship,Suburban,Single family home,3+,"26-40 lbs,41-70 lbs,> 120 lbs",No,198,320,,,No,Yes,$100 - $199,3-5,4,1 = Never,1 = Never,2,2,1 = Never,1 = Never,No,"Sedan,Mini-van or van",Yes,Yes,No,No,No,No,,4,4,5 = Most Influential,3,3,4,2,1,,,,,,,Yes,,,,150
Female,25-40,"$100,000 - $149,999",Graduate degree and beyond,Married or Domestic Partnership,Urban,Single family home,1,71-90 lbs,No,,132,,235,No,Yes,$100 - $199,3-5,5 = Always,3,1 = Never,3,2,2,3,No,SUV or Cross-over,Yes,No,No,No,No,No,,3,4,5 = Most Influential,4,2,3,4,1,,No,,,,,,,,,100
Female,18-25,"< $50,000",Some college,In a relationship,Suburban,Single family home,1,< 10 lbs,No,0,201,,,No,Yes,$50 - $99,1-2,2,1 = Never,1 = Never,1 = Never,1 = Never,1 = Never,2,No,Truck,No,Yes,No,No,No,No,,1 = Least Influential,1 = Least Influential,1 = Least Influential,1 = Least Influential,,,,,,,,,,,Yes,,,,100
Female,25-40,"< $50,000",High school graduate,Married or Domestic Partnership,Major City,Apartment,2,11-25 lbs,No,,198,,120,No,No,,3-5,5 = Always,4,1 = Never,2,2,1 = Never,2,No,Sedan,Yes,No,No,No,No,Yes,0,5 = Most Influential,5 = Most Influential,5 = Most Influential,3,3,4,2,1,,,,,Yes,,,,,,100
Male,25-40,"< $50,000",4 year degree,Married or Domestic Partnership,Suburban,Apartment,1,41-70 lbs,Yes,46,97,,74,No,No,,1-2,3,1 = Never,1 = Never,1 = Never,2,2,2,No,SUV or Cross-over,Yes,Yes,No,No,Yes,Yes,25,4,1 = Least Influential,5 = Most Influential,5 = Most Influential,2,4,3,1,No,,,,,,,,,,50
Female,18-25,"$150,000 - $199,999",Graduate degree and beyond,Single,Major City,Apartment,1,< 10 lbs,No,,100,,74,No,Yes,$100 - $199,3-5,5 = Always,3,1 = Never,1 = Never,1 = Never,1 = Never,1 = Never,No,Sedan,No,Yes,No,No,No,No,,4,4,5 = Most Influential,5 = Most Influential,3,4,2,1,,,,,,,,,Yes,,$100
Female,18-25,"< $50,000",Some college,Single,Suburban,Single family home,1,41-70 lbs,No,,80,,20,No,No,,3-5,4,1 = Never,1 = Never,2,3,1 = Never,3,No,"Sedan,Compact",Yes,Yes,No,No,No,No,,3,4,5 = Most Influential,4,2,3,4,1,,,,,,Yes,,,,,$250
Female,18-25,"$50,000 -$99,999",Some college,Married or Domestic Partnership,Major City,Apartment,1,< 10 lbs,No,,142,62,55,No,No,,3-5,5 = Always,2,1 = Never,3,2,3,3,No,SUV or Cross-over,Yes,Yes,No,No,No,Yes,0,3,3,3,4,2,4,3,1,,,,,Yes,,,,,,200
,,,,,,,,,,,,,,,,,,,,,,,,,,,,,,,,,,,,,,,,,,,,,,,,,,,,
Female,18-25,"$50,000 -$99,999",Some college,In a relationship,Rural,Apartment,1,26-40 lbs,No,,49,,60,No,No,,1-2,5 = Always,3,1 = Never,1 = Never,1 = Never,1 = Never,3,No,Sedan,Yes,Yes,No,No,No,No,,4,3,5 = Most Influential,3,1,4,2,3,,No,,,,,,,,,$70
Female,25-40,"< $50,000",Some college,Married or Domestic Partnership,Suburban,Apartment,1,11-25 lbs,No,40,60,,52,No,No,,0,3,1 = Never,1 = Never,1 = Never,1 = Never,1 = Never,2,Yes,SUV or Cross-over,Yes,Yes,No,No,No,No,,3,1 = Least Influential,5 = Most Influential,2,2,4,3,1,Yes,,,,,,,,,,150
Male,18-25,"< $50,000",4 year degree,Single,Major City,Apartment,1,< 10 lbs,No,,51,,32,No,No,,1-2,5 = Always,1 = Never,1 = Never,2,2,1 = Never,2,No,Truck,No,No,No,No,No,No,,5 = Most Influential,2,4,3,3,4,2,1,,,,,,,,No,,,100
Male,41-56,"< $50,000",Some college,Married or Domestic Partnership,Rural,Single family home,3+,< 10 lbs,No,,60,,,No,Yes,$50 - $99,6-7,2,1 = Never,1 = Never,1 = Never,2,2,1 = Never,No,"SUV or Cross-over,Sedan",Yes,Yes,No,No,No,No,,1 = Least Influential,1 = Least Influential,1 = Least Influential,1 = Least Influential,3,2,4,1,,,,,Yes,,,,,,50.00
Female,25-40,"< $50,000",Some college,Single,Rural,Single family home,1,41-70 lbs,No,,100,,,No,No,,0,3,1 = Never,1 = Never,1 = Never,1 = Never,2,1 = Never,No,Sedan,Yes,Yes,Yes,No,No,No,,4,2,5 = Most Influential,2,2,4,3,1,,,,,,,,Yes,,,300
Male,25-40,"$50,000 -$99,999",2 year degree,Married or Domestic Partnership,Urban,Single family home,1,41-70 lbs,No,,120,,,No,Yes,$50 - $99,3-5,5 = Always,4,1 = Never,1 = Never,2,2,2,No,I do not drive with my dogs,No,Yes,No,No,No,No,,2,2,5 = Most Influential,1 = Least Influential,2,3,4,1,,,,,,,,,,No,$100
Female,25-40,"$50,000 -$99,999",4 year degree,Married or Domestic Partnership,Suburban,Single family home,1,26-40 lbs,No,,38,,15,No,Yes,$100 - $199,1-2,3,1 = Never,1 = Never,2,2,1 = Never,1 = Never,No,"Sedan,Mini-van or van",Yes,Yes,No,No,No,No,,5 = Most Influential,4,4,5 = Most Influential,3,4,2,1,,,,,,,Yes,,,,$150
,,,,,,,,,,,,,,,,,,,,,,,,,,,,,,,,,,,,,,,,,,,,,,,,,,,,
Male,25-40,"< $50,000",High school graduate,Single,Urban,Single family home,1,91 - 120 lbs,No,,324,,,No,No,,3-5,5 = Always,1 = Never,1 = Never,1 = Never,1 = Never,1 = Never,1 = Never,No,SUV or Cross-over,No,No,No,No,No,No,,1 = Least Influential,1 = Least Influential,1 = Least Influential,1 = Least Influential,1,2,4,3,,No,,,,,,,,,100
Female,25-40,"$50,000 -$99,999",Graduate degree and beyond,Married or Domestic Partnership,Suburban,Single family home,2,"11-25 lbs,71-90 lbs",Yes,,129,400,44,No,No,,3-5,2,1 = Never,1 = Never,1 = Never,2,1 = Never,2,No,"Sedan,Truck",Yes,No,No,No,No,No,,1 = Least Influential,5 = Most Influential,3,3,3,2,4,1,,,,,,No,,,,,100
Female,18-25,"< $50,000",4 year degree,Married or Domestic Partnership,Major City,Apartment,1,71-90 lbs,No,,106,,,No,No,,1-2,4,3,2,1 = Never,4,1 = Never,2,No,SUV or Cross-over,Yes,Yes,No,No,No,No,,5 = Most Influential,1 = Least Influential,5 = Most Influential,3,1,4,3,2,,,,,,,Yes,,,,300
Male,18-25,"< $50,000",Some college,Single,Major City,Multi-family home,1,91 - 120 lbs,Yes,,32,,,No,No,,6-7,4,2,1 = Never,1 = Never,3,2,1 = Never,No,I do not drive with my dogs,Yes,Yes,No,No,No,No,,4,5 = Most Influential,5 = Most Influential,4,3,4,2,1,,Yes,,,,,,,,,125
Female,41-56,"$50,000 -$99,999",High school graduate,Married or Domestic Partnership,Suburban,Single family home,2,"41-70 lbs,71-90 lbs",Yes,,274,,,No,Yes,$50 - $99,0,1 = Never,1 = Never,1 = Never,2,1 = Never,1 = Never,1 = Never,No,"SUV or Cross-over,Truck",Yes,Yes,No,No,No,Yes,0,3,3,4,4,2,4,3,1,,,No,,,,,,,,55
Female,25-40,"$150,000 - $199,999",Graduate degree and beyond,Married or Domestic Partnership,Suburban,Single family home,1,11-25 lbs,No,,74,0,0,No,Yes,$200 - $299,3-5,4,2,1 = Never,1 = Never,2,1 = Never,2,No,SUV or Cross-over,Yes,No,No,No,No,No,,4,1 = Least Influential,4,1 = Least Influential,1,4,2,3,No,,,,,,,,,,45
Female,18-25,"< $50,000",Some college,Single,Rural,Single family home,2,11-25 lbs,No,50,150,,60,No,No,,6-7,5 = Always,3,1 = Never,1 = Never,2,1 = Never,3,No,SUV or Cross-over,Yes,No,No,No,No,No,,3,4,5 = Most Influential,1 = Least Influential,3,2,4,1,,,,,,,,,,Yes,250
Female,18-25,"< $50,000",4 year degree,Single,Rural,Single family home,3+,"11-25 lbs,26-40 lbs,41-70 lbs",No,37,20,,,No,No,,1-2,1 = Never,5 = Always,1 = Never,1 = Never,1 = Never,1 = Never,1 = Never,No,Compact,Yes,No,No,No,Yes,Yes,25,5 = Most Influential,1 = Least Influential,4,3,2,4,3,1,,,,Yes,,,,,,,200
Female,25-40,"$50,000 -$99,999",High school graduate,Single,Suburban,Single family home,1,41-70 lbs,No,,100,,,No,No,,3-5,5 = Always,2,1 = Never,2,3,1 = Never,3,No,Sedan,Yes,Yes,Yes,No,No,Yes,10,4,4,5 = Most Influential,2,2,4,3,1,No,,,,,,,,,,50
Female,25-40,"< $50,000",4 year degree,Married or Domestic Partnership,Suburban,Single family home,1,< 10 lbs,No,,26,,10,No,Yes,$100 - $199,3-5,3,2,1 = Never,1 = Never,2,4,4,Yes,Compact,Yes,Yes,No,No,No,No,,2,2,3,3,3,4,2,1,,,,,Yes,,,,,,$100
Male,18-25,"$50,000 -$99,999",4 year degree,Single,Suburban,Single family home,1,11-25 lbs,No,55,86,0,100,No,No,,3-5,3,1 = Never,1 = Never,1 = Never,2,1 = Never,1 = Never,No,SUV or Cross-over,Yes,Yes,No,No,No,No,,4,3,5 = Most Influential,1 = Least Influential,2,4,3,1,,,,No,,,,,,,100
Female,18-25,"$100,000 - $149,999",4 year degree,In a relationship,Suburban,Single family home,3+,"11-25 lbs,26-40 lbs",Yes,,77,,,No,No,,3-5,3,1 = Never,1 = Never,4,4,2,4,Yes,Sedan,Yes,Yes,Yes,No,No,Yes,0,4,3,4,3,3,4,2,1,,Yes,,,,,,,,,200
Male,41-56,"$50,000 -$99,999",4 year degree,In a relationship,Rural,Single family home,1,11-25 lbs,No,40,37,,,No,Yes,$100 - $199,3-5,3,1 = Never,1 = Never,1 = Never,1 = Never,1 = Never,1 = Never,No,SUV or Cross-over,Yes,Yes,No,No,No,Yes,30,3,3,3,3,1,4,3,2,,,,,,,,,,No,100
Female,18-25,"< $50,000",2 year degree,In a relationship,Major City,Single family home,1,11-25 lbs,No,51,88,90,160,No,Yes,< $100,1-2,4,1 = Never,1 = Never,1 = Never,3,3,2,No,"Sedan,Mini-van or van,Truck",Yes,No,No,No,No,No,,5 = Most Influential,5 = Most Influential,4,4,1,3,2,4,Yes,,,,,,,,,,$100
Female,25-40,"$50,000 -$99,999",Graduate degree and beyond,Married or Domestic Partnership,Major City,Single family home,1,71-90 lbs,No,0,51,0,0,No,Yes,$200 - $299,3-5,3,1 = Never,1 = Never,1 = Never,2,1 = Never,3,No,SUV or Cross-over,Yes,Yes,No,No,No,No,,3,3,5 = Most Influential,3,2,4,3,1,,,,,Yes,,,,,,120
Male,18-25,"< $50,000",Some college,Single,Major City,Single family home,2,11-25 lbs,No,66,62,20,10,No,Yes,< $100,6-7,4,2,1 = Never,2,4,2,3,No,I do not drive with my dogs,Yes,No,No,No,No,Yes,0,3,3,4,4,2,4,3,1,,,,,,Yes,,,,,200
Female,25-40,"$50,000 -$99,999",Some college,Married or Domestic Partnership,Suburban,Single family home,2,71-90 lbs,No,0,67,0,0,No,Yes,$50 - $99,1-2,1 = Never,1 = Never,1 = Never,1 = Never,1 = Never,1 = Never,1 = Never,No,Truck,No,Yes,No,No,No,No,,5 = Most Influential,4,5 = Most Influential,1 = Least Influential,3,4,2,1,,,No,,,,,,,,50
Female,18-25,"< $50,000",Some college,Single,Urban,Single family home,2,"11-25 lbs,26-40 lbs",No,44,107,7,81,No,No,,1-2,2,2,1 = Never,4,2,1 = Never,1 = Never,No,"SUV or Cross-over,Truck",No,No,No,No,No,No,,1 = Least Influential,3,2,1 = Least Influential,2,3,4,1,,,,No,,,,,,,25
Female,18-25,"< $50,000",Some college,Single,Suburban,Single family home,1,11-25 lbs,No,0,18,0,10,No,No,,3-5,2,1 = Never,1 = Never,1 = Never,2,1 = Never,1 = Never,No,Sedan,No,Yes,No,No,No,No,,3,3,5 = Most Influential,2,2,3,4,1,,,,,,,,,No,,50
Female,18-25,"< $50,000",4 year degree,Married or Domestic Partnership,Urban,Multi-family home,2,"11-25 lbs,41-70 lbs",No,51,98,0,115,No,Yes,$50 - $99,3-5,5 = Always,3,1 = Never,2,3,2,3,No,"SUV or Cross-over,Sedan,Mini-van or van",Yes,Yes,No,No,No,Yes,12.99,3,1 = Least Influential,5 = Most Influential,1 = Least Influential,2,3,4,1,,,,,Yes,,,,,,150
Female,25-40,"$100,000 - $149,999",Graduate degree and beyond,Married or Domestic Partnership,Suburban,Single family home,1,41-70 lbs,Yes,,77,49,11,No,No,,6-7,5 = Always,3,1 = Never,1 = Never,3,1 = Never,1 = Never,No,SUV or Cross-over,Yes,No,No,No,No,No,,3,3,4,2,2,3,4,1,,,,,,Yes,,,,,250
,,,,,,,,,,,,,,,,,,,,,,,,,,,,,,,,,,,,,,,,,,,,,,,,,,,,
Male,25-40,"< $50,000",Some college,In a relationship,Urban,Apartment,1,41-70 lbs,No,0,65,0,0,No,Yes,$200 - $299,3-5,5 = Always,1 = Never,1 = Never,2,3,1 = Never,1 = Never,No,"Sedan,Mini-van or van",Yes,Yes,No,No,No,No,,3,3,5 = Most Influential,1 = Least Influential,1,4,3,2,,,,,,,Yes,,,,100
Female,25-40,"$50,000 -$99,999",4 year degree,Married or Domestic Partnership,Suburban,Single family home,1,41-70 lbs,No,,190,,,No,Yes,$100 - $199,1-2,2,1 = Never,1 = Never,1 = Never,2,1 = Never,2,No,SUV or Cross-over,Yes,No,No,No,No,Yes,30,4,2,4,2,2,4,3,1,,,,No,,,,,,,100
,,,,,,,,,,,,,,,,,,,,,,,,,,,,,,,,,,,,,,,,,,,,,,,,,,,,
Male,41-56,"$50,000 -$99,999",High school graduate,Married or Domestic Partnership,Rural,Single family home,1,> 120 lbs,No,35,80,,20,No,Yes,$50 - $99,1-2,3,1 = Never,1 = Never,2,2,1 = Never,1 = Never,No,Truck,Yes,No,No,No,No,No,,4,4,5 = Most Influential,2,3,4,1,2,,,,,,,,Yes,,,200
Female,25-40,"$50,000 -$99,999",Graduate degree and beyond,In a relationship,Urban,Single family home,1,41-70 lbs,No,0,50,0,0,No,Yes,$100 - $199,3-5,3,1 = Never,1 = Never,2,2,1 = Never,3,No,SUV or Cross-over,Yes,No,No,No,No,No,,3,2,5 = Most Influential,1 = Least Influential,1,3,4,2,,,,,Yes,,,,,,75
Male,25-40,"$50,000 -$99,999",Graduate degree and beyond,Married or Domestic Partnership,Suburban,Single family home,1,11-25 lbs,Yes,0,42,0,0,No,Yes,$200 - $299,1-2,2,2,1 = Never,1 = Never,2,1 = Never,1 = Never,Yes,SUV or Cross-over,Yes,Yes,No,No,No,Yes,20,4,4,5 = Most Influential,4,2,4,3,1,,,,Yes,,,,,,,50
Non-binary / third gender,18-25,"$100,000 - $149,999",Some college,Single,Suburban,Single family home,2,11-25 lbs,No,,49,,202,No,No,,3-5,3,1 = Never,1 = Never,1 = Never,2,1 = Never,2,No,I do not drive with my dogs,Yes,No,No,No,No,No,,3,3,3,3,2,4,3,1,,Yes,,,,,,,,,300
Female,41-56,"< $50,000",4 year degree,Single,Suburban,Single family home,1,11-25 lbs,No,0,70,0,52,No,Yes,$200 - $299,3-5,5 = Always,2,1 = Never,3,4,2,4,No,"SUV or Cross-over,Sedan,Truck",No,No,No,No,No,No,,5 = Most Influential,3,5 = Most Influential,2,2,4,3,1,No,,,,,,,,,,50
Male,25-40,"$50,000 -$99,999",Some college,Married or Domestic Partnership,Urban,Single family home,1,41-70 lbs,No,,45,,20,No,Yes,$200 - $299,3-5,4,2,1 = Never,1 = Never,3,2,4,No,"SUV or Cross-over,Truck",No,Yes,No,No,No,No,,3,3,4,1 = Least Influential,2,4,3,1,Yes,,,,,,,,,,150
Female,18-25,"$50,000 -$99,999",Some college,In a relationship,Suburban,Apartment,3+,"< 10 lbs,41-70 lbs,71-90 lbs",No,0,164,0,29,No,No,,3-5,5 = Always,4,1 = Never,2,1 = Never,1 = Never,1 = Never,No,"Sports car,SUV or Cross-over",Yes,Yes,No,No,No,Yes,0,4,4,4,4,1,3,4,2,,,,,,,,,Yes,,300
Female,25-40,"$50,000 -$99,999",Graduate degree and beyond,Single,Major City,Townhouse,1,71-90 lbs,No,,72,,,Yes,No,,1-2,2,1 = Never,1 = Never,3,2,2,2,No,SUV or Cross-over,Yes,Yes,No,No,No,No,,4,2,3,4,2,4,3,1,,,,,Yes,,,,,,100
Male,18-25,"$50,000 -$99,999",4 year degree,Single,Rural,Apartment,2,"11-25 lbs,41-70 lbs",No,,60,,,Yes,No,,3-5,3,1 = Never,1 = Never,2,1 = Never,1 = Never,1 = Never,No,Sedan,No,No,No,No,No,No,,3,3,5 = Most Influential,2,2,3,4,1,,,,,No,,,,,,30
Female,18-25,"< $50,000",4 year degree,In a relationship,Urban,Single family home,1,11-25 lbs,No,,11,,,No,No,,1-2,2,1 = Never,1 = Never,1 = Never,1 = Never,1 = Never,1 = Never,No,SUV or Cross-over,No,No,No,No,No,No,,1 = Least Influential,5 = Most Influential,2,4,2,3,4,1,No,,,,,,,,,,$60
Female,18-25,"< $50,000",Some college,In a relationship,Suburban,Townhouse,2,41-70 lbs,Yes,202,209,153,52,No,No,,1-2,4,2,1 = Never,1 = Never,2,1 = Never,1 = Never,No,SUV or Cross-over,Yes,No,No,No,No,No,,3,3,4,2,2,4,3,1,,,,,,,,,,Yes,150
Female,18-25,"$150,000 - $199,999",Some college,Single,Suburban,Single family home,1,91 - 120 lbs,Yes,29,98,13,0,No,No,,3-5,1 = Never,1 = Never,1 = Never,1 = Never,1 = Never,1 = Never,1 = Never,No,SUV or Cross-over,Yes,Yes,No,No,No,No,,2,5 = Most Influential,4,3,2,4,3,1,,,,Yes,,,,,,,$250
Female,25-40,"< $50,000",2 year degree,Married or Domestic Partnership,Suburban,Single family home,1,< 10 lbs,No,0,40,0,0,No,Yes,$50 - $99,0,2,1 = Never,1 = Never,3,4,3,2,No,SUV or Cross-over,No,No,No,No,No,No,,5 = Most Influential,2,5 = Most Influential,1 = Least Influential,2,4,3,1,,No,,,,,,,,,$75
Female,18-25,"$50,000 -$99,999",4 year degree,Single,Rural,Single family home,2,91 - 120 lbs,No,0,201,0,0,No,No,,1-2,1 = Never,1 = Never,1 = Never,1 = Never,1 = Never,1 = Never,1 = Never,No,Sedan,No,No,No,No,No,No,,3,3,3,2,3,4,1,2,,,,,Yes,,,,,,125
Male,25-40,"$50,000 -$99,999",Some college,Single,Suburban,Single family home,1,11-25 lbs,No,103,246,,205,No,No,,1-2,3,2,1 = Never,1 = Never,2,4,1 = Never,No,"Compact,Mini-van or van",No,No,No,No,No,No,,5 = Most Influential,3,4,2,1,4,2,3,,,,No,,,,,,,0
Female,25-40,"$50,000 -$99,999",2 year degree,Married or Domestic Partnership,Suburban,Single family home,1,41-70 lbs,No,,72,,,No,Yes,$200 - $299,1-2,5 = Always,3,1 = Never,1 = Never,1 = Never,1 = Never,1 = Never,No,Sedan,Yes,No,No,No,No,No,,3,3,4,3,2,3,4,1,,,,,,No,,,,,50
Female,25-40,"$100,000 - $149,999",4 year degree,Married or Domestic Partnership,Suburban,Single family home,2,"41-70 lbs,91 - 120 lbs",Yes,40,102,,,No,No,,1-2,1 = Never,1 = Never,1 = Never,1 = Never,1 = Never,1 = Never,2,No,SUV or Cross-over,Yes,Yes,No,No,Yes,No,,5 = Most Influential,3,4,4,2,3,4,1,,,,,No,,,,,,45
Female,41-56,"$50,000 -$99,999",Trade profession,Married or Domestic Partnership,Suburban,Single family home,1,71-90 lbs,No,0,149,,60,No,Yes,$100 - $199,3-5,5 = Always,1 = Never,1 = Never,1 = Never,3,1 = Never,1 = Never,No,Truck,No,No,No,No,No,No,,3,3,3,1 = Least Influential,2,4,3,1,,,,,,,Yes,,,,175.00
Female,25-40,"$50,000 -$99,999",Graduate degree and beyond,In a relationship,Suburban,Single family home,1,71-90 lbs,No,39,94,,0,No,No,,1-2,3,1 = Never,1 = Never,1 = Never,2,2,1 = Never,No,Sports car,Yes,No,No,No,No,No,,4,3,3,2,2,3,4,1,,,,,,,,Yes,,,100
Male,18-25,"$100,000 - $149,999",4 year degree,In a relationship,Suburban,Single family home,3+,"41-70 lbs,71-90 lbs",No,0,70,0,0,No,No,,6-7,5 = Always,5 = Always,1 = Never,3,5 = Always,1 = Never,1 = Never,No,SUV or Cross-over,Yes,Yes,No,No,No,No,,4,5 = Most Influential,5 = Most Influential,2,1,4,3,2,,,,,,,,,Yes,,100
Male,41-56,"$150,000 - $199,999",4 year degree,Married or Domestic Partnership,Suburban,Single family home,2,91 - 120 lbs,Yes,,203,40,66,No,No,,3-5,3,2,1 = Never,1 = Never,3,1 = Never,2,No,Truck,No,No,No,No,No,Yes,45,3,3,3,3,1,4,2,3,,,,,Yes,,,,,,150
Non-binary / third gender,25-40,"< $50,000",Some college,Married or Domestic Partnership,Rural,Single family home,2,"26-40 lbs,41-70 lbs",No,,41,,,No,No,,6-7,3,2,1 = Never,2,3,2,2,No,"SUV or Cross-over,Compact",Yes,Yes,No,No,No,Yes,0,1 = Least Influential,1 = Least Influential,4,2,1,3,4,2,,,,,,,,No,,,25.00
Male,18-25,"$100,000 - $149,999",2 year degree,In a relationship,Suburban,Single family home,2,"11-25 lbs,26-40 lbs",No,100,180,0,0,No,No,,1-2,1 = Never,1 = Never,1 = Never,1 = Never,1 = Never,1 = Never,1 = Never,No,I do not drive with my dogs,No,No,No,No,No,No,,5 = Most Influential,4,3,1 = Least Influential,1,4,3,2,,,,,No,,,,,,$50
Female,25-40,"$300,000+",4 year degree,Married or Domestic Partnership,Major City,Single family home,1,26-40 lbs,No,103,52,,60,No,Yes,< $100,0,4,1 = Never,1 = Never,1 = Never,1 = Never,1 = Never,1 = Never,No,I do not drive with my dogs,No,Yes,No,No,No,No,,5 = Most Influential,1 = Least Influential,3,1 = Least Influential,1,4,2,3,No,,,,,,,,,,20
Female,25-40,"< $50,000",Some college,Divorced or Separated,Rural,Single family home,1,71-90 lbs,No,,66,31,31,No,Yes,< $100,1-2,4,1 = Never,1 = Never,3,2,2,3,No,SUV or Cross-over,Yes,Yes,No,No,No,Yes,15,4,4,5 = Most Influential,2,1,4,3,2,,,,,,,,,No,,50
Female,25-40,"$50,000 -$99,999",4 year degree,Married or Domestic Partnership,Suburban,Single family home,2,41-70 lbs,No,,40,,,No,Yes,$100 - $199,3-5,2,1 = Never,1 = Never,1 = Never,2,1 = Never,1 = Never,No,Sedan,Yes,Yes,No,No,No,No,,3,3,5 = Most Influential,4,2,4,3,1,,,,,Yes,,,,,,$100
Female,25-40,"$50,000 -$99,999",Some college,In a relationship,Suburban,Single family home,1,91 - 120 lbs,No,,35,,90,No,Yes,$100 - $199,1-2,3,1 = Never,1 = Never,1 = Never,1 = Never,1 = Never,1 = Never,No,"SUV or Cross-over,Truck",Yes,No,No,No,No,No,,3,3,4,2,2,4,3,1,,Yes,,,,,,,,,250
Female,25-40,"< $50,000",4 year degree,In a relationship,Suburban,Single family home,1,11-25 lbs,No,,20,,,No,Yes,< $100,1-2,2,1 = Never,1 = Never,1 = Never,2,1 = Never,1 = Never,No,SUV or Cross-over,Yes,Yes,No,No,No,No,,1 = Least Influential,3,5 = Most Influential,1 = Least Influential,1,3,4,2,,,,,,Yes,,,,,200
Non-binary / third gender,25-40,"< $50,000",2 year degree,In a relationship,Suburban,Single family home,1,11-25 lbs,No,,20,,,No,No,,1-2,3,2,1 = Never,2,2,1 = Never,1 = Never,No,Compact,No,No,No,No,No,No,,3,4,4,2,2,4,3,1,,,,,Yes,,,,,,200
Female,18-25,"< $50,000",Some college,In a relationship,Suburban,Single family home,1,11-25 lbs,No,,25,,20,No,No,,3-5,3,1 = Never,1 = Never,2,2,2,1 = Never,No,Sedan,No,No,No,No,No,No,,3,4,5 = Most Influential,4,2,4,3,1,,No,,,,,,,,,50
Female,25-40,"< $50,000",Some college,Married or Domestic Partnership,Rural,Single family home,1,41-70 lbs,No,,46,,,No,Yes,$50 - $99,0,2,2,2,1 = Never,3,1 = Never,1 = Never,No,Sedan,No,Yes,No,No,No,No,,1 = Least Influential,1 = Least Influential,5 = Most Influential,3,2,4,3,1,,,Yes,,,,,,,,100
Female,18-25,"< $50,000",4 year degree,Single,Suburban,Single family home,2,< 10 lbs,No,,42,,41,No,No,,0,2,1 = Never,1 = Never,2,2,1 = Never,3,No,Compact,No,No,No,No,No,No,,3,3,4,1 = Least Influential,1,4,3,2,,,,,Yes,,,,,,100
Female,18-25,"$50,000 -$99,999",4 year degree,In a relationship,Suburban,Single family home,2,"91 - 120 lbs,> 120 lbs",No,178,456,,,No,No,,6-7,5 = Always,4,1 = Never,1 = Never,3,1 = Never,1 = Never,No,"SUV or Cross-over,Sedan",No,No,No,No,No,No,,2,2,5 = Most Influential,1 = Least Influential,1,4,2,3,,,,,No,,,,,,50
Male,57+,"< $50,000",High school graduate,In a relationship,Suburban,Single family home,1,71-90 lbs,No,,60,,,No,Yes,< $100,1-2,3,1 = Never,1 = Never,3,4,1 = Never,2,No,Sedan,No,Yes,No,No,No,No,,4,2,5 = Most Influential,2,3,4,2,1,,,,No,,,,,,,75
Male,57+,"< $50,000",Some college,Married or Domestic Partnership,Urban,Multi-family home,1,11-25 lbs,No,,25,,,No,Yes,< $100,0,2,1 = Never,1 = Never,1 = Never,1 = Never,1 = Never,1 = Never,No,Sedan,Yes,Yes,Yes,No,No,No,,2,2,5 = Most Influential,2,2,4,3,1,,,,,No,,,,,,50.00
Female,18-25,"< $50,000",Some college,Single,Suburban,Single family home,2,41-70 lbs,No,25,47,,,No,No,,1-2,3,1 = Never,1 = Never,2,2,1 = Never,3,No,I do not drive with my dogs,Yes,Yes,No,No,No,No,,4,4,3,1 = Least Influential,2,4,3,1,Yes,,,,,,,,,,120
Female,18-25,"< $50,000",4 year degree,Single,Suburban,Single family home,1,11-25 lbs,No,106,29,26,34,Yes,Yes,< $100,1-2,4,4,1 = Never,2,1 = Never,1 = Never,1 = Never,Yes,SUV or Cross-over,Yes,No,No,No,No,No,,3,4,4,4,2,1,3,4,,,,,,,,,,No,109
Female,18-25,"< $50,000",Some college,Single,Suburban,Single family home,1,11-25 lbs,No,,55,,13,No,No,,0,4,2,1 = Never,1 = Never,1 = Never,1 = Never,2,No,I do not drive with my dogs,Yes,Yes,No,No,No,No,,3,5 = Most Influential,5 = Most Influential,1 = Least Influential,2,4,3,1,,,,,,,No,,,,150
Female,18-25,"$50,000 -$99,999",2 year degree,Single,Suburban,Single family home,2,< 10 lbs,Yes,0,203,0,197,Yes,Yes,$100 - $199,1-2,5 = Always,3,1 = Never,2,4,3,1 = Never,Yes,Sports car,Yes,No,No,No,No,Yes,0,2,5 = Most Influential,5 = Most Influential,3,,,,,,No,,,,,,,,,100
Male,25-40,"< $50,000",2 year degree,Single,Suburban,Single family home,1,11-25 lbs,No,0,37,0,14,No,No,,3-5,4,2,1 = Never,2,3,1 = Never,2,No,Sedan,No,No,No,No,No,No,,4,3,5 = Most Influential,3,2,4,3,1,No,,,,,,,,,,40
Female,25-40,"$100,000 - $149,999",4 year degree,Single,Suburban,Apartment,1,91 - 120 lbs,No,46,128,150,,No,Yes,$100 - $199,3-5,5 = Always,1 = Never,1 = Never,4,2,2,1 = Never,No,SUV or Cross-over,Yes,Yes,No,No,No,No,,3,4,4,4,2,3,4,1,,,,,,,,,Yes,,150
Female,18-25,"< $50,000",Some college,Single,Urban,Single family home,2,"< 10 lbs,26-40 lbs",No,,109,,,No,No,,1-2,2,1 = Never,1 = Never,3,3,1 = Never,1 = Never,No,Sedan,Yes,No,No,No,No,No,,3,3,4,4,2,4,3,1,,,,Yes,,,,,,,250
Female,18-25,"$50,000 -$99,999",4 year degree,In a relationship,Suburban,Single family home,1,41-70 lbs,Yes,0,80,0,54,No,Yes,$50 - $99,1-2,3,5 = Always,1 = Never,1 = Never,2,2,3,No,Sedan,Yes,No,No,No,No,No,,1 = Least Influential,2,3,4,1,3,4,2,,,,,,,,Yes,,,250
Female,18-25,"< $50,000",4 year degree,Single,Suburban,Single family home,2,11-25 lbs,No,231,391,298,446,No,Yes,$100 - $199,1-2,5 = Always,2,1 = Never,4,4,5 = Always,3,No,Sedan,Yes,No,No,No,No,No,,3,3,4,1 = Least Influential,3,4,2,1,,,,,,,,,,Yes,$200
Female,18-25,"$150,000 - $199,999",Some college,Single,Suburban,Single family home,1,41-70 lbs,Yes,,60,28,34,No,No,,1-2,5 = Always,4,3,1 = Never,2,1 = Never,2,No,"SUV or Cross-over,Sedan",Yes,No,No,No,No,No,,4,4,5 = Most Influential,3,1,4,3,2,,,,,,,,,No,,60
Female,18-25,"< $50,000",Some college,Married or Domestic Partnership,Major City,Single family home,2,"26-40 lbs,71-90 lbs",No,,201,,0,No,Yes,$200 - $299,1-2,3,2,1 = Never,2,4,1 = Never,3,No,"Sedan,Truck",No,Yes,No,No,No,No,,3,4,4,2,2,4,3,1,,,,,Yes,,,,,,50
Female,25-40,"$50,000 -$99,999",2 year degree,Single,Suburban,Single family home,2,91 - 120 lbs,No,0,150,0,0,No,No,,3-5,2,2,1 = Never,1 = Never,1 = Never,1 = Never,1 = Never,No,I do not drive with my dogs,Yes,No,No,No,No,No,,4,4,5 = Most Influential,2,4,3,1,2,,,,,,,Yes,,,,60
,,,,,,,,,,,,,,,,,,,,,,,,,,,,,,,,,,,,,,,,,,,,,,,,,,,,
Female,25-40,"< $50,000",High school graduate,Single,Suburban,Single family home,3+,26-40 lbs,No,,110,,41,No,No,,1-2,3,1 = Never,1 = Never,1 = Never,1 = Never,2,2,No,SUV or Cross-over,Yes,Yes,No,No,No,No,,3,3,3,2,1,2,3,4,,,,,,Yes,,,,,250
Female,18-25,"< $50,000",Some college,Single,Suburban,Multi-family home,1,71-90 lbs,No,,,,,No,Yes,$50 - $99,3-5,2,1 = Never,1 = Never,2,2,1 = Never,1 = Never,No,Mini-van or van,No,No,No,No,No,No,,2,1 = Least Influential,3,1 = Least Influential,2,4,3,1,,,,,,,,Yes,,,100
Male,25-40,"< $50,000",Some college,In a relationship,Rural,Single family home,2,"< 10 lbs,11-25 lbs",Yes,,100,,6,No,No,,6-7,5 = Always,1 = Never,1 = Never,5 = Always,3,3,3,Yes,Sports car,Yes,Yes,No,No,No,Yes,110,5 = Most Influential,3,3,1 = Least Influential,3,4,2,1,,,,,,,,,,Yes,200
Female,18-25,"< $50,000",4 year degree,In a relationship,Urban,Single family home,1,< 10 lbs,No,6,10,204,215,No,No,,1-2,4,2,1 = Never,1 = Never,2,1 = Never,3,No,"SUV or Cross-over,Sedan,Compact",Yes,No,No,No,No,Yes,40,5 = Most Influential,2,4,3,1,4,3,2,,No,,,,,,,,,100
Female,25-40,"< $50,000",Graduate degree and beyond,In a relationship,Suburban,Single family home,1,11-25 lbs,No,,43,,43,No,No,,0,4,1 = Never,1 = Never,4,1 = Never,5 = Always,1 = Never,No,SUV or Cross-over,Yes,Yes,No,No,No,Yes,20,4,3,4,1 = Least Influential,2,4,3,1,,,,,,,,,,Yes,175
,,,,,,,,,,,,,,,,,,,,,,,,,,,,,,,,,,,,,,,,,,,,,,,,,,,,
Male,25-40,"$150,000 - $199,999",4 year degree,Married or Domestic Partnership,Major City,Single family home,1,41-70 lbs,No,4,80,10,6,No,Yes,$100 - $199,3-5,2,1 = Never,1 = Never,2,3,1 = Never,1 = Never,No,"SUV or Cross-over,Sedan",Yes,No,No,No,No,No,,5 = Most Influential,4,4,2,2,4,3,1,Yes,,,,,,,,,,120
Female,25-40,"< $50,000",Some college,Married or Domestic Partnership,Suburban,Single family home,1,41-70 lbs,No,,36,,,No,Yes,$100 - $199,3-5,3,1 = Never,1 = Never,2,1 = Never,1 = Never,2,No,SUV or Cross-over,Yes,Yes,No,No,No,No,,3,4,4,1 = Least Influential,2,1,4,3,,,No,,,,,,,,50
Female,18-25,"$100,000 - $149,999",Some college,Single,Rural,Apartment,1,41-70 lbs,No,45,90,250,42,No,No,,1-2,4,2,1 = Never,4,4,1 = Never,1 = Never,No,Sedan,Yes,No,No,No,No,No,,4,4,5 = Most Influential,3,2,4,3,1,,,,,,,,,,Yes,$100
Female,25-40,"< $50,000",Some college,In a relationship,Rural,Single family home,3+,"11-25 lbs,26-40 lbs,41-70 lbs,91 - 120 lbs",Yes,,100,,,No,Yes,$50 - $99,1-2,2,1 = Never,1 = Never,1 = Never,1 = Never,1 = Never,2,No,Compact,Yes,Yes,No,No,No,No,,5 = Most Influential,3,5 = Most Influential,3,2,4,3,1,No,,,,,,,,,,60
Female,25-40,"$100,000 - $149,999",High school graduate,Married or Domestic Partnership,Suburban,Single family home,1,41-70 lbs,Yes,0,101,0,0,No,Yes,$50 - $99,1-2,2,1 = Never,1 = Never,2,2,1 = Never,1 = Never,No,Sedan,No,Yes,No,No,No,No,,2,3,5 = Most Influential,4,3,4,2,1,,,,,,,,Yes,,,150
Female,25-40,"$100,000 - $149,999",Graduate degree and beyond,Married or Domestic Partnership,Suburban,Townhouse,1,11-25 lbs,No,40,20,,86,No,No,,0,2,1 = Never,1 = Never,4,3,1 = Never,3,No,"SUV or Cross-over,Sedan",Yes,Yes,No,No,No,Yes,65,4,2,3,3,2,4,3,1,,,,,,,,,Yes,,150
Non-binary / third gender,18-25,"< $50,000",Some college,Single,Urban,Single family home,2,"< 10 lbs,11-25 lbs",No,,107,,139,No,No,,3-5,5 = Always,2,1 = Never,2,2,1 = Never,1 = Never,No,SUV or Cross-over,Yes,No,No,No,No,No,,3,3,4,2,1,3,2,4,,,No,,,,,,,,50
Female,25-40,"< $50,000",2 year degree,Married or Domestic Partnership,Major City,Apartment,1,< 10 lbs,No,,3,,,No,Yes,$100 - $199,1-2,3,1 = Never,1 = Never,1 = Never,1 = Never,1 = Never,2,No,"SUV or Cross-over,Sedan",Yes,No,No,No,No,No,,2,3,4,2,1,4,3,2,,,,,,No,,,,,25
Female,25-40,"$50,000 -$99,999",4 year degree,Single,Major City,Apartment,1,11-25 lbs,No,,10,,,No,Yes,$100 - $199,3-5,4,1 = Never,1 = Never,2,1 = Never,1 = Never,1 = Never,No,Compact,Yes,Yes,No,No,No,Yes,0,3,3,3,1 = Least Influential,2,4,3,1,,,,,,,Yes,,,,100
Female,18-25,"< $50,000",Some college,In a relationship,Suburban,Condominium,1,41-70 lbs,No,17,52,,54,No,No,,1-2,4,2,1 = Never,1 = Never,2,1 = Never,2,No,Sedan,Yes,No,No,No,Yes,No,,2,3,3,2,2,4,3,1,,,,,Yes,,,,,,200
Female,18-25,"$250,000 - $299,999",Some college,Single,Suburban,Single family home,2,"11-25 lbs,41-70 lbs",No,,122,,48,No,Yes,$100 - $199,3-5,3,2,1 = Never,2,4,3,2,No,"SUV or Cross-over,Sedan",Yes,Yes,No,No,No,No,,4,4,4,2,1,3,4,2,,,,,,,No,,,,60
Female,18-25,"$100,000 - $149,999",High school graduate,Single,Suburban,Single family home,1,41-70 lbs,No,120,255,,,No,No,,6-7,2,3,1 = Never,1 = Never,1 = Never,2,3,No,"SUV or Cross-over,Sedan,Compact",Yes,Yes,No,No,No,No,,3,4,3,1 = Least Influential,2,3,4,1,,,,,,Yes,,,,,250
Female,25-40,"$50,000 -$99,999",2 year degree,Married or Domestic Partnership,Rural,Single family home,1,26-40 lbs,Yes,,106,,14,No,No,,1-2,2,1 = Never,1 = Never,2,2,1 = Never,1 = Never,No,SUV or Cross-over,Yes,Yes,No,No,No,Yes,50,4,2,3,4,2,4,3,1,,,,,,,,,,Yes,400
Male,18-25,"$50,000 -$99,999",Some college,Single,Urban,Single family home,2,"11-25 lbs,26-40 lbs",No,,60,,,No,No,,1-2,2,1 = Never,1 = Never,1 = Never,1 = Never,1 = Never,3,No,I do not drive with my dogs,Yes,No,No,No,No,No,,5 = Most Influential,4,4,3,3,4,1,2,,,,Yes,,,,,,,300
Male,25-40,"$50,000 -$99,999",High school graduate,Married or Domestic Partnership,Rural,Single family home,2,71-90 lbs,No,,100,,,No,Yes,$100 - $199,1-2,1 = Never,1 = Never,1 = Never,1 = Never,1 = Never,1 = Never,1 = Never,No,I do not drive with my dogs,No,Yes,No,No,No,No,,3,3,5 = Most Influential,2,1,4,3,2,,,,,,Yes,,,,,200
Female,25-40,"$50,000 -$99,999",4 year degree,Single,Suburban,Condominium,1,41-70 lbs,Yes,74,27,,,No,No,,3-5,5 = Always,1 = Never,1 = Never,1 = Never,2,2,2,No,Compact,Yes,Yes,No,No,Yes,Yes,25,5 = Most Influential,1 = Least Influential,4,2,2,3,4,1,,,,,,,,,No,,50
Male,18-25,"$200,000 - $249,999",Some college,Single,Urban,Single family home,2,11-25 lbs,Yes,0,52,0,52,No,No,,3-5,1 = Never,1 = Never,1 = Never,1 = Never,1 = Never,1 = Never,1 = Never,No,SUV or Cross-over,Yes,No,No,No,No,No,,4,3,2,1 = Least Influential,1,3,2,4,No,,,,,,,,,,20
Male,18-25,"$50,000 -$99,999",Some college,Single,Suburban,Single family home,3+,"41-70 lbs,71-90 lbs",No,,,,,No,No,,6-7,3,1 = Never,1 = Never,1 = Never,1 = Never,1 = Never,1 = Never,No,I do not drive with my dogs,Yes,No,No,No,No,No,,3,2,4,1 = Least Influential,1,4,3,2,,,,,,,Yes,,,,200
Male,18-25,"< $50,000",Some college,Single,Urban,Apartment,1,< 10 lbs,No,,101,,51,No,No,,1-2,3,3,1 = Never,1 = Never,1 = Never,4,5 = Always,No,"Sedan,Mini-van or van",No,No,No,No,No,No,,3,4,4,3,1,4,3,2,,,,,No,,,,,,30
Non-binary / third gender,25-40,"< $50,000",Some college,In a relationship,Suburban,Single family home,2,"11-25 lbs,71-90 lbs",No,91,41,0,0,No,No,,0,2,1 = Never,1 = Never,3,1 = Never,1 = Never,1 = Never,No,SUV or Cross-over,Yes,Yes,No,No,Yes,Yes,0,1 = Least Influential,1 = Least Influential,4,3,2,4,3,1,,,,,Yes,,,,,,100
Male,18-25,"$50,000 -$99,999",High school graduate,In a relationship,Suburban,Single family home,1,11-25 lbs,No,,31,,,No,Yes,$100 - $199,0,1 = Never,1 = Never,1 = Never,1 = Never,1 = Never,1 = Never,1 = Never,No,I do not drive with my dogs,No,No,No,No,No,No,,5 = Most Influential,1 = Least Influential,5 = Most Influential,5 = Most Influential,1,4,2,3,,,No,,,,,,,,100
Male,25-40,"< $50,000",High school graduate,Single,Rural,Single family home,1,11-25 lbs,Yes,150,500,250,100,No,Yes,$100 - $199,3-5,3,2,1 = Never,4,4,2,5 = Always,No,Truck,No,Yes,Yes,Yes,No,No,,2,3,2,3,3,4,2,1,,No,,,,,,,,,100
Male,18-25,"< $50,000",2 year degree,Single,Suburban,Multi-family home,2,"11-25 lbs,41-70 lbs",No,,115,,308,No,No,,6-7,5 = Always,1 = Never,1 = Never,1 = Never,3,3,4,No,SUV or Cross-over,Yes,No,No,No,No,No,,3,5 = Most Influential,3,2,3,2,1,4,,,,Yes,,,,,,,400 dollars.
Male,25-40,"$50,000 -$99,999",4 year degree,Married or Domestic Partnership,Major City,Apartment,1,11-25 lbs,No,81,18,0,0,No,Yes,$100 - $199,3-5,3,1 = Never,1 = Never,2,2,1 = Never,2,No,Compact,Yes,No,No,No,No,No,,4,2,5 = Most Influential,3,1,4,3,2,,,,Yes,,,,,,,30
Male,25-40,"< $50,000",High school graduate,Single,Rural,Single family home,3+,"26-40 lbs,41-70 lbs",No,,102,,,No,Yes,$100 - $199,0,2,1 = Never,1 = Never,1 = Never,1 = Never,1 = Never,1 = Never,No,Sedan,Yes,Yes,No,No,No,No,,3,3,4,2,1,4,3,2,,,,,,,,,No,,0
Male,18-25,"$100,000 - $149,999",High school graduate,Single,Suburban,Single family home,2,"11-25 lbs,41-70 lbs",No,201,150,,,No,No,,6-7,3,3,1 = Never,2,1 = Never,1 = Never,1 = Never,No,"SUV or Cross-over,Compact",Yes,Yes,No,No,No,No,,4,4,4,3,2,3,4,1,,Yes,,,,,,,,,200
Female,18-25,"$50,000 -$99,999",Some college,Single,Suburban,Single family home,2,11-25 lbs,No,,80,,,No,No,,1-2,4,1 = Never,1 = Never,1 = Never,1 = Never,1 = Never,1 = Never,No,SUV or Cross-over,Yes,No,No,No,No,No,,2,3,3,3,3,4,2,1,,,,,Yes,,,,,,150
Male,18-25,"< $50,000",Some college,Single,Suburban,Single family home,1,71-90 lbs,Yes,,100,,25,No,No,,1-2,4,4,1 = Never,2,3,3,3,No,Sedan,Yes,Yes,No,No,No,Yes,45,4,3,3,2,2,4,3,1,,,,,Yes,,,,,,50
Male,41-56,"< $50,000",4 year degree,Married or Domestic Partnership,Suburban,Single family home,3+,"11-25 lbs,41-70 lbs,91 - 120 lbs,> 120 lbs",No,,125,,40,No,Yes,$100 - $199,0,2,1 = Never,1 = Never,1 = Never,2,2,2,No,"SUV or Cross-over,Truck,Convertible",No,Yes,No,No,No,No,,3,3,4,1 = Least Influential,2,3,4,1,,No,,,,,,,,,50
Male,25-40,"< $50,000",Trade profession,Divorced or Separated,Rural,Single family home,1,< 10 lbs,No,,21,,10,No,Yes,$100 - $199,1-2,4,1 = Never,1 = Never,1 = Never,1 = Never,1 = Never,1 = Never,No,Truck,Yes,Yes,No,No,No,No,,3,3,4,4,2,4,3,1,,,,Yes,,,,,,,250
Male,25-40,"< $50,000",Some college,In a relationship,Suburban,Single family home,2,11-25 lbs,No,,60,,,No,No,,3-5,3,2,1 = Never,1 = Never,1 = Never,1 = Never,1 = Never,No,I do not drive with my dogs,Yes,Yes,No,No,No,No,,4,4,4,1 = Least Influential,4,1,2,3,,,,,,,,Yes,,,300
Male,41-56,"$50,000 -$99,999",Some college,Married or Domestic Partnership,Rural,Single family home,2,"< 10 lbs,71-90 lbs",No,,120,,90,No,No,,3-5,5 = Always,2,1 = Never,1 = Never,3,2,5 = Always,No,Sedan,No,No,No,No,No,No,,4,5 = Most Influential,2,4,2,4,3,1,,,,,,,Yes,,,,130
Male,25-40,"$100,000 - $149,999",Some college,In a relationship,Rural,Single family home,2,"41-70 lbs,71-90 lbs",Yes,725,630,,,No,Yes,$200 - $299,1-2,3,1 = Never,2,2,1 = Never,1 = Never,1 = Never,No,Sedan,No,Yes,No,No,No,No,,1 = Least Influential,3,3,4,2,3,4,1,,,,,,,,,,No,120
Non-binary / third gender,25-40,"< $50,000",Some college,Single,Rural,Single family home,1,< 10 lbs,No,,89,,11,No,No,,1-2,2,2,1 = Never,1 = Never,1 = Never,1 = Never,1 = Never,No,I do not drive with my dogs,Yes,Yes,No,No,No,Yes,0,1 = Least Influential,1 = Least Influential,5 = Most Influential,3,3,2,4,1,No,,,,,,,,,,20
Male,41-56,"$50,000 -$99,999",2 year degree,Married or Domestic Partnership,Suburban,Single family home,1,< 10 lbs,No,28,65,80,49,No,Yes,$100 - $199,1-2,4,2,1 = Never,3,1 = Never,1 = Never,2,No,"Sedan,Compact",Yes,No,No,No,No,No,,2,4,3,3,2,4,3,1,,No,,,,,,,,,100
Male,41-56,"$100,000 - $149,999",Some college,Married or Domestic Partnership,Rural,Single family home,1,71-90 lbs,No,,107,,35,No,No,,0,2,1 = Never,1 = Never,1 = Never,1 = Never,1 = Never,3,No,"SUV or Cross-over,Truck",Yes,Yes,No,No,No,No,,4,4,3,2,2,3,4,1,,,,,Yes,,,,,,250
Male,18-25,"$50,000 -$99,999",Some college,Single,Suburban,Single family home,1,11-25 lbs,Yes,,48,,48,No,No,,1-2,3,3,1 = Never,2,1 = Never,1 = Never,2,No,"Sports car,Sedan",Yes,No,No,No,No,Yes,0,3,3,4,3,3,4,2,1,Yes,,,,,,,,,,100
Male,25-40,"< $50,000",Some college,Single,Suburban,Single family home,2,"41-70 lbs,71-90 lbs",No,,600,,,No,No,,6-7,5 = Always,3,3,1 = Never,4,1 = Never,4,No,"SUV or Cross-over,Mini-van or van",Yes,No,No,No,No,No,,1 = Least Influential,1 = Least Influential,1 = Least Influential,1 = Least Influential,3,4,2,1,,,,,No,,,,,,500
Male,25-40,"$150,000 - $199,999",4 year degree,In a relationship,Suburban,Single family home,1,26-40 lbs,No,0,100,0,0,No,Yes,$100 - $199,6-7,4,2,1 = Never,2,3,1 = Never,1 = Never,No,SUV or Cross-over,No,No,No,No,No,No,,4,3,5 = Most Influential,2,1,4,3,2,,No,,,,,,,,,100
Male,25-40,"$150,000 - $199,999",4 year degree,In a relationship,Urban,Apartment,1,11-25 lbs,No,90,107,0,53,No,No,,3-5,4,2,1 = Never,1 = Never,2,1 = Never,3,No,Compact,Yes,No,No,No,No,No,,3,3,4,4,3,4,2,1,,,,,Yes,,,,,,225
Male,18-25,"< $50,000",Trade profession,Single,Suburban,Apartment,2,"41-70 lbs,91 - 120 lbs",No,,131,,,No,No,,1-2,4,1 = Never,1 = Never,1 = Never,1 = Never,1 = Never,1 = Never,No,"SUV or Cross-over,Sedan,Truck",Yes,No,No,No,No,No,,4,3,5 = Most Influential,4,3,4,2,1,,,,,,,,,Yes,,300
Male,18-25,"$100,000 - $149,999",Some college,Single,Rural,Single family home,1,41-70 lbs,No,,100,,31,No,No,,1-2,2,1 = Never,1 = Never,2,1 = Never,1 = Never,1 = Never,No,Sedan,No,No,No,No,No,No,,3,3,4,3,1,4,2,3,No,,,,,,,,,,60
Male,18-25,"$50,000 -$99,999",Some college,Single,Suburban,Single family home,2,11-25 lbs,No,,79,,35,No,No,,3-5,2,1 = Never,1 = Never,2,1 = Never,1 = Never,2,No,"SUV or Cross-over,Truck",No,Yes,No,No,No,No,,4,2,5 = Most Influential,3,2,3,4,1,,,,,,,Yes,,,,140
Male,25-40,"$50,000 -$99,999",Some college,In a relationship,Major City,Single family home,1,11-25 lbs,Yes,122,110,0,35,No,Yes,$100 - $199,3-5,5 = Always,3,1 = Never,2,2,1 = Never,1 = Never,No,Sedan,Yes,Yes,No,No,No,Yes,55,4,4,3,4,2,4,3,1,,Yes,,,,,,,,,250
Male,25-40,"< $50,000",High school graduate,In a relationship,Urban,Multi-family home,2,26-40 lbs,No,101,301,0,24,No,Yes,$100 - $199,3-5,4,2,1 = Never,3,2,2,2,No,"Sedan,Mini-van or van",Yes,No,No,No,No,Yes,0,4,3,5 = Most Influential,2,2,4,3,1,,,,,,,,Yes,,,200
Male,18-25,"$50,000 -$99,999",4 year degree,Single,Urban,Apartment,2,26-40 lbs,No,,76,39,,No,No,,3-5,4,3,1 = Never,2,2,1 = Never,1 = Never,No,Sedan,Yes,No,No,No,No,No,,5 = Most Influential,1 = Least Influential,3,1 = Least Influential,2,3,4,1,,,Yes,,,,,,,,150
Male,25-40,"< $50,000",Some college,In a relationship,Urban,Apartment,1,11-25 lbs,No,,60,,,No,No,,6-7,5 = Always,4,1 = Never,2,2,1 = Never,3,No,Sedan,Yes,Yes,No,No,No,No,,5 = Most Influential,3,5 = Most Influential,4,1,4,3,2,,,,,,,Yes,,,,60
Male,41-56,"$100,000 - $149,999",Graduate degree and beyond,Married or Domestic Partnership,Suburban,Single family home,2,"< 10 lbs,11-25 lbs",Yes,,51,24,80,No,Yes,$100 - $199,1-2,2,1 = Never,1 = Never,1 = Never,1 = Never,2,3,No,SUV or Cross-over,Yes,No,No,No,No,No,,3,3,4,3,1,4,3,2,,Yes,,,,,,,,,250
Male,18-25,"< $50,000",4 year degree,In a relationship,Rural,Single family home,1,11-25 lbs,Yes,,150,,,No,No,,3-5,5 = Always,2,1 = Never,1 = Never,1 = Never,1 = Never,2,No,SUV or Cross-over,No,Yes,No,No,No,No,,4,4,5 = Most Influential,1 = Least Influential,2,4,3,1,,,,,,,,Yes,,,200
Male,25-40,"$50,000 -$99,999",Graduate degree and beyond,Divorced or Separated,Urban,Single family home,1,71-90 lbs,No,,119,,80,No,Yes,$200 - $299,1-2,4,1 = Never,2,3,2,2,1 = Never,No,Sedan,No,Yes,No,No,No,No,,3,2,4,4,2,4,3,1,No,,,,,,,,,,75
Male,57+,"$150,000 - $199,999",Some college,Married or Domestic Partnership,Suburban,Single family home,2,> 120 lbs,No,100,60,,49,No,Yes,$100 - $199,6-7,5 = Always,1 = Never,1 = Never,2,2,1 = Never,1 = Never,No,"SUV or Cross-over,Sedan",Yes,Yes,No,No,No,No,,5 = Most Influential,2,3,1 = Least Influential,1,3,4,2,,,,,,No,,,,,$100
Male,25-40,"$50,000 -$99,999",Some college,Married or Domestic Partnership,Urban,Single family home,1,41-70 lbs,No,,132,,55,No,Yes,$100 - $199,3-5,4,2,1 = Never,1 = Never,2,2,2,No,Sedan,Yes,Yes,No,No,No,Yes,40,1 = Least Influential,1 = Least Influential,4,3,1,3,4,2,,,,,,,Yes,,,,150
Male,41-56,"< $50,000",Some college,Married or Domestic Partnership,Suburban,Single family home,1,41-70 lbs,No,,129,,85,No,No,,0,4,1 = Never,1 = Never,2,2,2,3,No,SUV or Cross-over,Yes,Yes,No,No,No,No,,3,4,5 = Most Influential,3,3,4,2,1,,,,,Yes,,,,,,350
Male,25-40,"< $50,000",High school graduate,Single,Suburban,Single family home,2,11-25 lbs,No,0,51,0,22,No,No,,3-5,2,1 = Never,1 = Never,1 = Never,1 = Never,1 = Never,1 = Never,No,Sedan,Yes,Yes,No,No,No,No,,2,1 = Least Influential,3,2,2,4,3,1,,,,,,,No,,,,50
Male,25-40,"$50,000 -$99,999",2 year degree,Married or Domestic Partnership,Suburban,Single family home,3+,"< 10 lbs,71-90 lbs",No,,115,,,No,Yes,$50 - $99,0,5 = Always,3,1 = Never,3,2,1 = Never,2,No,Truck,Yes,Yes,No,No,No,No,,3,3,5 = Most Influential,1 = Least Influential,2,4,3,1,,,,,,,,No,,,20
Male,25-40,"$50,000 -$99,999",Graduate degree and beyond,Married or Domestic Partnership,Suburban,Single family home,1,41-70 lbs,No,0,102,0,0,No,Yes,$100 - $199,3-5,2,1 = Never,1 = Never,1 = Never,1 = Never,1 = Never,1 = Never,No,Mini-van or van,No,Yes,No,No,No,No,,3,2,5 = Most Influential,2,3,4,2,1,,No,,,,,,,,,0
Male,25-40,"< $50,000",Some college,Single,Suburban,Single family home,1,11-25 lbs,No,,73,100,37,No,No,,1-2,5 = Always,2,1 = Never,2,2,1 = Never,2,No,Compact,No,No,No,No,No,No,,3,3,5 = Most Influential,2,,,,,,,,,,Yes,,,,,50
Male,25-40,"< $50,000",4 year degree,Single,Suburban,Single family home,1,41-70 lbs,No,,135,,50,No,Yes,$200 - $299,1-2,5 = Always,1 = Never,1 = Never,2,1 = Never,1 = Never,3,No,SUV or Cross-over,Yes,Yes,No,No,No,Yes,50,3,3,4,4,1,4,2,3,,,,,,,,,Yes,,200
Male,41-56,"$50,000 -$99,999",Some college,Married or Domestic Partnership,Rural,Single family home,1,26-40 lbs,No,,30,,,No,Yes,$100 - $199,6-7,4,3,1 = Never,4,3,2,4,No,"SUV or Cross-over,Truck",Yes,Yes,No,No,No,No,,4,4,5 = Most Influential,3,2,4,3,1,,,,,,,,,Yes,,250
Male,25-40,"< $50,000",2 year degree,Single,Suburban,Apartment,2,"11-25 lbs,26-40 lbs",No,49,80,0,0,No,No,,3-5,5 = Always,1 = Never,1 = Never,2,2,1 = Never,1 = Never,No,Sedan,Yes,Yes,No,No,No,Yes,30,4,3,5 = Most Influential,1 = Least Influential,2,4,3,1,,,,,,Yes,,,,,100
Male,18-25,"< $50,000",Some college,Single,Suburban,Multi-family home,2,11-25 lbs,No,324,135,158,163,No,No,,1-2,1 = Never,1 = Never,1 = Never,1 = Never,1 = Never,1 = Never,1 = Never,No,I do not drive with my dogs,Yes,Yes,No,No,No,No,,3,2,3,3,4,3,2,1,,,,,,No,,,,,30
Male,41-56,"$150,000 - $199,999",Graduate degree and beyond,Married or Domestic Partnership,Suburban,Single family home,1,71-90 lbs,No,0,52,0,0,No,Yes,$100 - $199,3-5,5 = Always,2,1 = Never,2,2,2,2,No,Mini-van or van,No,Yes,No,No,Yes,No,,4,3,4,3,3,4,2,1,,,,,,,,,No,,30
Male,25-40,"$100,000 - $149,999",4 year degree,Single,Rural,Single family home,1,< 10 lbs,No,,101,,98,No,No,,1-2,4,2,1 = Never,2,2,2,4,No,"SUV or Cross-over,Sedan",Yes,Yes,No,No,No,No,,4,4,5 = Most Influential,3,1,4,3,2,,,,,,,No,,,,100
Male,41-56,"$100,000 - $149,999",4 year degree,Married or Domestic Partnership,Suburban,Single family home,3+,41-70 lbs,No,181,93,63,,No,Yes,$100 - $199,1-2,2,1 = Never,1 = Never,1 = Never,1 = Never,1 = Never,1 = Never,No,"Mini-van or van,Truck",No,No,No,No,No,No,,2,3,3,3,2,4,3,1,,No,,,,,,,,,0
Male,18-25,"< $50,000",High school graduate,In a relationship,Suburban,Apartment,1,26-40 lbs,Yes,,37,,,No,No,,0,1 = Never,1 = Never,1 = Never,2,1 = Never,1 = Never,1 = Never,No,Sedan,No,No,No,No,No,No,,2,2,4,1 = Least Influential,,,,,No,,,,,,,,,,50
Male,25-40,"$100,000 - $149,999",4 year degree,Married or Domestic Partnership,Major City,Condominium,1,41-70 lbs,Yes,0,120,71,77,No,No,,3-5,5 = Always,3,1 = Never,1 = Never,3,2,3,No,SUV or Cross-over,Yes,Yes,No,No,No,No,,4,2,4,3,2,3,4,1,No,,,,,,,,,,60
Male,41-56,"< $50,000",Some college,Single,Urban,Single family home,2,"41-70 lbs,91 - 120 lbs",Yes,150,150,0,0,No,No,,1-2,5 = Always,2,1 = Never,1 = Never,1 = Never,1 = Never,2,No,"SUV or Cross-over,Sedan",Yes,No,No,No,No,No,,4,4,5 = Most Influential,3,2,4,3,1,,,Yes,,,,,,,,75
Male,57+,"$100,000 - $149,999",Graduate degree and beyond,Married or Domestic Partnership,Suburban,Single family home,1,41-70 lbs,No,0,95,40,0,No,Yes,$50 - $99,0,1 = Never,1 = Never,1 = Never,1 = Never,1 = Never,1 = Never,1 = Never,No,"SUV or Cross-over,Mini-van or van",Yes,No,No,No,No,No,,4,4,2,2,2,4,3,1,,,,No,,,,,,,125
Male,41-56,"< $50,000",2 year degree,Married or Domestic Partnership,Rural,Single family home,1,26-40 lbs,No,0,34,0,0,No,Yes,$100 - $199,0,3,1 = Never,1 = Never,1 = Never,3,1 = Never,1 = Never,No,"Sedan,Compact",No,Yes,No,No,No,No,,1 = Least Influential,3,5 = Most Influential,2,1,4,3,2,,,,,,No,,,,,100
Male,41-56,"$50,000 -$99,999",Some college,Divorced or Separated,Suburban,Single family home,1,41-70 lbs,No,0,91,0,60,No,No,,3-5,5 = Always,1 = Never,1 = Never,1 = Never,2,1 = Never,2,No,Truck,No,Yes,No,No,No,No,,5 = Most Influential,5 = Most Influential,4,1 = Least Influential,1,4,3,2,,,,,Yes,,,,,,120
Male,41-56,"$50,000 -$99,999",High school graduate,Married or Domestic Partnership,Suburban,Single family home,1,11-25 lbs,Yes,,70,,65,No,Yes,$100 - $199,3-5,3,1 = Never,1 = Never,2,2,1 = Never,3,No,SUV or Cross-over,Yes,Yes,No,No,No,No,,4,3,5 = Most Influential,3,1,4,2,3,,No,,,,,,,,,100
Male,25-40,"< $50,000",4 year degree,In a relationship,Suburban,Apartment,1,26-40 lbs,No,,71,26,33,No,No,,3-5,4,2,1 = Never,1 = Never,4,2,2,No,Sports car,Yes,Yes,No,No,No,No,,4,3,2,3,1,4,2,3,,,,,Yes,,,,,,120
Male,25-40,"$100,000 - $149,999",4 year degree,Married or Domestic Partnership,Suburban,Single family home,1,26-40 lbs,No,0,49,0,6,No,Yes,$100 - $199,3-5,5 = Always,1 = Never,2,5 = Always,3,1 = Never,5 = Always,No,"SUV or Cross-over,Truck",No,Yes,No,No,No,No,,1 = Least Influential,1 = Least Influential,1 = Least Influential,1 = Least Influential,1,4,3,2,No,,,,,,,,,,20
Male,18-25,"$100,000 - $149,999",4 year degree,Single,Urban,Single family home,1,71-90 lbs,No,,100,,31,Yes,No,,1-2,3,2,1 = Never,2,4,1 = Never,2,No,SUV or Cross-over,Yes,Yes,No,No,No,No,,2,2,4,2,1,2,3,4,,,,,,,,,,Yes,$250
Male,57+,"$50,000 -$99,999",4 year degree,Married or Domestic Partnership,Suburban,Single family home,1,41-70 lbs,No,0,163,8,13,No,Yes,$200 - $299,1-2,5 = Always,1 = Never,1 = Never,2,1 = Never,1 = Never,1 = Never,No,SUV or Cross-over,No,Yes,No,No,No,No,,4,4,4,4,2,4,3,1,,,,,,,,Yes,,,300
Male,25-40,"< $50,000",High school graduate,Single,Suburban,Single family home,3+,26-40 lbs,Yes,,133,,,No,No,,1-2,4,1 = Never,1 = Never,1 = Never,1 = Never,4,2,No,"Compact,Truck",No,No,No,No,No,No,,4,5 = Most Influential,5 = Most Influential,2,,,,,No,,,,,,,,,,0
Male,25-40,"$50,000 -$99,999",4 year degree,Single,Suburban,Single family home,1,41-70 lbs,No,,100,,201,No,Yes,$100 - $199,6-7,4,1 = Never,2,1 = Never,4,1 = Never,3,No,"SUV or Cross-over,Sedan,Truck",Yes,Yes,No,No,No,Yes,50,3,3,1 = Least Influential,1 = Least Influential,2,4,3,1,,,Yes,,,,,,,,250
Male,25-40,"$50,000 -$99,999",Some college,Married or Domestic Partnership,Suburban,Single family home,1,26-40 lbs,Yes,0,60,0,0,No,Yes,$100 - $199,6-7,5 = Always,5 = Always,1 = Never,2,5 = Always,1 = Never,3,No,Sedan,Yes,Yes,No,No,No,No,,1 = Least Influential,1 = Least Influential,5 = Most Influential,4,4,3,2,1,,,,,,,,Yes,,,200
Male,41-56,"$150,000 - $199,999",Trade profession,Married or Domestic Partnership,Suburban,Single family home,2,"11-25 lbs,91 - 120 lbs",No,0,100,0,0,Yes,Yes,$100 - $199,3-5,3,1 = Never,1 = Never,4,5 = Always,1 = Never,5 = Always,No,Truck,Yes,Yes,No,No,No,No,,4,4,5 = Most Influential,2,2,3,4,1,,,Yes,,,,,,,,299
Male,41-56,"$50,000 -$99,999",2 year degree,Married or Domestic Partnership,Suburban,Multi-family home,1,91 - 120 lbs,No,0,80,0,0,No,Yes,$200 - $299,3-5,1 = Never,1 = Never,1 = Never,1 = Never,1 = Never,1 = Never,1 = Never,No,I do not drive with my dogs,No,Yes,No,No,No,Yes,25,4,2,5 = Most Influential,1 = Least Influential,1,3,4,2,,No,,,,,,,,,25
Male,18-25,"< $50,000",4 year degree,In a relationship,Suburban,Multi-family home,1,41-70 lbs,Yes,,100,,29,No,No,,3-5,5 = Always,3,1 = Never,2,3,2,2,No,SUV or Cross-over,Yes,Yes,No,No,No,No,,2,3,5 = Most Influential,2,2,4,3,1,,,,No,,,,,,,125
Male,25-40,"$50,000 -$99,999",4 year degree,Married or Domestic Partnership,Suburban,Single family home,2,"26-40 lbs,41-70 lbs",No,,81,,,No,No,,3-5,2,1 = Never,1 = Never,2,2,2,3,No,Sedan,Yes,Yes,No,No,No,No,,3,3,3,2,2,4,3,1,,,,,Yes,,,,,,100
Male,25-40,"< $50,000",High school graduate,Married or Domestic Partnership,Suburban,Apartment,1,26-40 lbs,Yes,0,45,0,0,No,Yes,$50 - $99,1-2,3,2,1 = Never,1 = Never,2,2,3,No,Sedan,Yes,Yes,No,No,No,Yes,15,4,4,5 = Most Influential,3,2,3,4,1,,,Yes,,,,,,,,50
Male,25-40,"$100,000 - $149,999",Graduate degree and beyond,Married or Domestic Partnership,Major City,Townhouse,1,11-25 lbs,Yes,0,20,41,0,No,No,,1-2,4,1 = Never,1 = Never,2,3,1 = Never,2,No,Sedan,No,No,No,No,No,No,,4,3,3,3,1,4,2,3,,Yes,,,,,,,,,200
Male,25-40,"$100,000 - $149,999",4 year degree,Married or Domestic Partnership,Suburban,Single family home,1,41-70 lbs,No,,57,,40,No,Yes,$100 - $199,0,2,1 = Never,1 = Never,2,2,1 = Never,2,No,SUV or Cross-over,No,Yes,No,No,No,No,,3,4,5 = Most Influential,2,1,4,3,2,,,,,,,,,,No,50
Male,25-40,"$50,000 -$99,999",4 year degree,Divorced or Separated,Suburban,Single family home,3+,> 120 lbs,No,0,185,0,130,No,Yes,$200 - $299,6-7,2,1 = Never,1 = Never,2,1 = Never,1 = Never,1 = Never,No,SUV or Cross-over,No,Yes,No,No,No,No,,4,4,3,1 = Least Influential,2,3,4,1,,,,,,No,,,,,200
,,,,,,,,,,,,,,,,,,,,,,,,,,,,,,,,,,,,,,,,,,,,,,,,,,,,
Male,41-56,"$100,000 - $149,999",4 year degree,Married or Domestic Partnership,Suburban,Single family home,1,71-90 lbs,No,,35,,,No,Yes,$100 - $199,3-5,5 = Always,1 = Never,1 = Never,2,2,1 = Never,1 = Never,No,"SUV or Cross-over,Truck",Yes,No,No,No,No,Yes,15,3,3,3,1 = Least Influential,1,4,3,2,Yes,,,,,,,,,,125
Male,25-40,"$50,000 -$99,999",2 year degree,Married or Domestic Partnership,Major City,Single family home,1,26-40 lbs,No,,124,22,100,No,Yes,$100 - $199,1-2,5 = Always,3,1 = Never,3,2,1 = Never,1 = Never,No,"SUV or Cross-over,Sedan",Yes,Yes,No,No,No,No,,2,4,3,4,1,4,3,2,,,,,,No,,,,,125
Male,25-40,"$50,000 -$99,999",4 year degree,In a relationship,Urban,Single family home,1,41-70 lbs,Yes,0,250,0,0,No,No,,1-2,5 = Always,1 = Never,1 = Never,2,1 = Never,1 = Never,1 = Never,No,"Sports car,SUV or Cross-over",Yes,Yes,No,No,No,Yes,80,3,3,5 = Most Influential,1 = Least Influential,2,4,3,1,Yes,,,,,,,,,,300
Male,25-40,"< $50,000",Some college,Single,Suburban,Townhouse,2,"< 10 lbs,11-25 lbs",No,,51,,6,No,No,,3-5,1 = Never,1 = Never,1 = Never,1 = Never,1 = Never,1 = Never,1 = Never,No,I do not drive with my dogs,No,Yes,No,No,No,No,,3,3,3,3,1,4,2,3,,,No,,,,,,,,0
Male,25-40,"$100,000 - $149,999",4 year degree,Married or Domestic Partnership,Suburban,Single family home,2,"26-40 lbs,41-70 lbs",Yes,0,103,0,155,No,Yes,$200 - $299,6-7,5 = Always,1 = Never,1 = Never,2,3,1 = Never,2,No,SUV or Cross-over,Yes,Yes,No,No,No,No,,4,3,2,5 = Most Influential,1,4,3,2,,,No,,,,,,,,50
Male,41-56,"$50,000 -$99,999",4 year degree,Married or Domestic Partnership,Suburban,Single family home,2,"11-25 lbs,71-90 lbs",No,,45,,100,No,Yes,$100 - $199,1-2,3,1 = Never,1 = Never,3,2,2,2,No,"Compact,Mini-van or van,Truck",No,Yes,No,No,No,No,,4,4,4,3,2,4,3,1,No,,,,,,,,,,50
Male,18-25,"$100,000 - $149,999",4 year degree,Married or Domestic Partnership,Suburban,Single family home,1,41-70 lbs,Yes,244,390,,665,No,Yes,< $100,3-5,5 = Always,4,3,4,4,1 = Never,5 = Always,No,"SUV or Cross-over,Sedan",No,Yes,No,No,No,Yes,70,3,5 = Most Influential,4,1 = Least Influential,1,4,3,2,,,,No,,,,,,,200
Male,25-40,"$100,000 - $149,999",4 year degree,Single,Rural,Single family home,2,"11-25 lbs,71-90 lbs",Yes,,79,,,No,No,,6-7,5 = Always,3,1 = Never,2,3,1 = Never,2,No,"Sedan,Truck",Yes,Yes,No,No,No,Yes,25,4,3,4,4,4,2,3,1,,,,,,,,,Yes,,80
Male,41-56,"$50,000 -$99,999",4 year degree,Married or Domestic Partnership,Rural,Single family home,2,11-25 lbs,No,0,31,0,0,No,Yes,$50 - $99,0,2,1 = Never,1 = Never,1 = Never,1 = Never,1 = Never,1 = Never,No,I do not drive with my dogs,No,Yes,No,No,No,No,,5 = Most Influential,4,5 = Most Influential,3,1,4,3,2,,Yes,,,,,,,,,199
Male,41-56,"$50,000 -$99,999",Graduate degree and beyond,Married or Domestic Partnership,Suburban,Single family home,1,11-25 lbs,No,25,25,0,49,No,Yes,$100 - $199,3-5,4,1 = Never,1 = Never,1 = Never,3,1 = Never,1 = Never,No,SUV or Cross-over,No,Yes,No,No,Yes,No,,3,3,3,1 = Least Influential,1,4,2,3,,,,,,,,,,Yes,$200
Male,41-56,"$100,000 - $149,999",Graduate degree and beyond,Married or Domestic Partnership,Suburban,Single family home,1,11-25 lbs,Yes,0,45,0,0,No,Yes,$200 - $299,3-5,1 = Never,1 = Never,1 = Never,1 = Never,2,1 = Never,1 = Never,No,I do not drive with my dogs,Yes,Yes,No,No,No,No,,2,2,4,3,2,3,4,1,,,,,,Yes,,,,,250
Male,25-40,"$50,000 -$99,999",4 year degree,Single,Urban,Apartment,1,41-70 lbs,No,230,298,201,254,No,No,,3-5,3,4,2,3,4,4,2,Yes,"Ride-share (Taxi/User/Lyft),Bus",Yes,Yes,No,No,Yes,No,,3,2,3,4,,,,,,,No,,,,,,,,50
,,,,,,,,,,,,,,,,,,,,,,,,,,,,,,,,,,,,,,,,,,,,,,,,,,,,
Male,18-25,"$150,000 - $199,999",Some college,Single,Major City,Apartment,1,11-25 lbs,No,,26,,20,No,No,,3-5,2,1 = Never,1 = Never,1 = Never,1 = Never,1 = Never,1 = Never,No,I do not drive with my dogs,Yes,Yes,No,No,No,No,,5 = Most Influential,4,4,2,2,4,3,1,,,,,,,,,No,,0
Male,41-56,"< $50,000",4 year degree,Single,Urban,Single family home,2,"< 10 lbs,26-40 lbs",No,55,25,,25,No,Yes,$100 - $199,3-5,4,2,1 = Never,2,2,2,2,No,"SUV or Cross-over,Sedan",No,Yes,No,No,No,Yes,0,4,4,5 = Most Influential,3,2,3,4,1,,,,,,,,,Yes,,150
Female,41-56,"$100,000 - $149,999",4 year degree,In a relationship,Urban,Single family home,2,"26-40 lbs,71-90 lbs",Yes,80,118,,91,No,No,,6-7,5 = Always,4,1 = Never,3,3,1 = Never,2,No,Sedan,Yes,No,No,No,No,Yes,65,3,4,1 = Least Influential,2,3,4,2,1,,,,,,,,,,Yes,500
Male,25-40,"$100,000 - $149,999",4 year degree,Married or Domestic Partnership,Suburban,Single family home,2,41-70 lbs,No,0,76,0,0,No,Yes,$100 - $199,1-2,2,2,1 = Never,1 = Never,1 = Never,1 = Never,5 = Always,No,Truck,No,Yes,No,No,No,Yes,20,5 = Most Influential,3,4,1 = Least Influential,2,3,4,1,Yes,,,,,,,,,,100
Male,57+,"< $50,000",4 year degree,Single,Suburban,Single family home,2,"11-25 lbs,26-40 lbs",No,,88,,,No,No,,0,3,1 = Never,1 = Never,1 = Never,2,1 = Never,2,No,Truck,No,No,No,No,No,Yes,0,2,3,3,2,1,4,3,2,,,No,,,,,,,,25
Male,25-40,"$50,000 -$99,999",Graduate degree and beyond,In a relationship,Suburban,Single family home,1,11-25 lbs,Yes,0,41,0,25,No,Yes,$200 - $299,3-5,4,3,1 = Never,2,2,3,3,No,Sedan,Yes,Yes,No,No,No,Yes,20,4,3,3,4,1,4,3,2,,,,,,Yes,,,,,200
Male,18-25,"< $50,000",Some college,Single,Suburban,Single family home,1,26-40 lbs,No,195,41,,0,No,No,,1-2,5 = Always,2,1 = Never,2,3,1 = Never,1 = Never,No,Sedan,Yes,No,No,No,No,No,,3,3,5 = Most Influential,1 = Least Influential,2,4,3,1,,,,,,,,,,Yes,200
Male,25-40,"$50,000 -$99,999",High school graduate,In a relationship,Rural,Single family home,1,26-40 lbs,No,,55,,,No,No,,0,4,4,1 = Never,1 = Never,1 = Never,1 = Never,1 = Never,No,I do not drive with my dogs,No,No,No,No,No,No,,1 = Least Influential,3,4,1 = Least Influential,2,4,3,1,,,,,,,,Yes,,,200
Male,25-40,"< $50,000",4 year degree,Single,Suburban,Single family home,1,71-90 lbs,No,0,152,100,52,Yes,No,,3-5,5 = Always,1 = Never,1 = Never,1 = Never,1 = Never,1 = Never,1 = Never,No,Compact,No,Yes,No,No,No,No,,1 = Least Influential,5 = Most Influential,5 = Most Influential,1 = Least Influential,2,4,3,1,,,,,,,,Yes,,,100
Male,18-25,"$50,000 -$99,999",4 year degree,Single,Major City,Apartment,1,11-25 lbs,No,,79,,70,No,No,,6-7,3,1 = Never,1 = Never,2,2,1 = Never,1 = Never,No,I do not drive with my dogs,No,Yes,No,No,No,No,,2,5 = Most Influential,5 = Most Influential,5 = Most Influential,2,4,3,1,,,,,Yes,,,,,,150
Male,25-40,"$50,000 -$99,999",4 year degree,Married or Domestic Partnership,Suburban,Single family home,2,11-25 lbs,Yes,,100,,25,No,Yes,$200 - $299,1-2,2,1 = Never,1 = Never,1 = Never,1 = Never,1 = Never,2,No,"SUV or Cross-over,Truck",No,No,No,No,No,Yes,12,3,3,4,1 = Least Influential,1,4,3,2,,,No,,,,,,,,0
Male,41-56,"$50,000 -$99,999",High school graduate,Married or Domestic Partnership,Suburban,Single family home,1,11-25 lbs,No,,75,,,No,No,,1-2,3,1 = Never,1 = Never,2,2,3,1 = Never,No,"SUV or Cross-over,Sedan",Yes,Yes,No,No,No,Yes,10,3,4,4,3,2,4,3,1,,No,,,,,,,,,50
Male,41-56,"$50,000 -$99,999",Some college,Married or Domestic Partnership,Rural,Single family home,1,< 10 lbs,No,1,49,6,20,No,Yes,< $100,6-7,2,1 = Never,1 = Never,1 = Never,1 = Never,1 = Never,1 = Never,No,Sedan,Yes,No,No,No,No,No,,3,3,3,2,1,4,2,3,,No,,,,,,,,,100
Male,57+,"$100,000 - $149,999",4 year degree,Divorced or Separated,Rural,Single family home,2,11-25 lbs,No,0,100,0,0,No,Yes,< $100,3-5,4,3,1 = Never,1 = Never,2,3,3,No,I do not drive with my dogs,No,Yes,No,No,No,No,,1 = Least Influential,4,5 = Most Influential,1 = Least Influential,1,4,3,2,,,,,,,,,,Yes,100
Male,18-25,"$50,000 -$99,999",4 year degree,Single,Suburban,Single family home,1,26-40 lbs,No,,150,,20,No,No,,3-5,3,2,1 = Never,2,2,1 = Never,2,No,SUV or Cross-over,Yes,No,No,No,No,Yes,0,4,4,5 = Most Influential,3,2,4,3,1,,,,,,,Yes,,,,150
Male,25-40,"$50,000 -$99,999",4 year degree,Married or Domestic Partnership,Suburban,Single family home,2,41-70 lbs,No,0,123,0,0,No,No,,0,2,1 = Never,1 = Never,2,2,1 = Never,2,No,Sedan,Yes,No,No,No,No,No,,2,4,4,3,1,3,4,2,,,No,,,,,,,,60
Male,25-40,"$100,000 - $149,999",4 year degree,Single,Suburban,Single family home,1,41-70 lbs,Yes,,100,0,0,No,No,,6-7,5 = Always,2,1 = Never,1 = Never,1 = Never,1 = Never,1 = Never,No,Sedan,No,Yes,No,No,No,Yes,0,1 = Least Influential,1 = Least Influential,3,4,3,4,1,2,,Yes,,,,,,,,,200
Male,41-56,"$150,000 - $199,999",Graduate degree and beyond,Married or Domestic Partnership,Suburban,Single family home,2,41-70 lbs,No,0,60,108,0,No,Yes,$50 - $99,3-5,2,1 = Never,1 = Never,1 = Never,1 = Never,1 = Never,1 = Never,No,SUV or Cross-over,No,Yes,No,No,No,No,,3,3,4,4,1,4,3,2,,,,,Yes,,,,,,50
Male,25-40,"$50,000 -$99,999",4 year degree,Married or Domestic Partnership,Suburban,Single family home,1,26-40 lbs,No,0,49,0,0,No,Yes,$200 - $299,1-2,2,1 = Never,1 = Never,1 = Never,1 = Never,1 = Never,1 = Never,No,"Mini-van or van,Truck",No,Yes,Yes,No,No,No,,1 = Least Influential,1 = Least Influential,5 = Most Influential,2,1,3,2,4,,,,No,,,,,,,180
Male,57+,"$100,000 - $149,999",4 year degree,Married or Domestic Partnership,Major City,Single family home,1,11-25 lbs,No,0,75,0,65,No,Yes,$100 - $199,3-5,5 = Always,1 = Never,1 = Never,1 = Never,1 = Never,2,5 = Always,No,SUV or Cross-over,Yes,Yes,No,No,No,Yes,8,1 = Least Influential,5 = Most Influential,1 = Least Influential,1 = Least Influential,1,4,3,2,,,,,,Yes,,,,,250
Male,18-25,"< $50,000",4 year degree,In a relationship,Suburban,Single family home,1,26-40 lbs,No,0,173,0,0,No,No,,1-2,3,2,2,1 = Never,1 = Never,1 = Never,1 = Never,No,Sedan,Yes,No,No,No,No,No,,4,4,5 = Most Influential,1 = Least Influential,2,4,3,1,,,,,,,,Yes,,,150
Male,25-40,"$100,000 - $149,999",Graduate degree and beyond,In a relationship,Urban,Apartment,1,26-40 lbs,No,,204,,11,No,No,,3-5,5 = Always,4,1 = Never,1 = Never,2,1 = Never,2,No,Sedan,Yes,No,No,No,No,No,,2,4,5 = Most Influential,3,2,4,3,1,,,,,No,,,,,,75
Male,41-56,"$50,000 -$99,999",4 year degree,Married or Domestic Partnership,Rural,Single family home,1,11-25 lbs,No,,25,0,35,No,Yes,$100 - $199,6-7,5 = Always,3,1 = Never,1 = Never,3,2,1 = Never,No,Sedan,No,Yes,No,No,No,Yes,30,1 = Least Influential,5 = Most Influential,3,1 = Least Influential,1,3,4,2,,,,,,,,,,No,1
